project,fingerprint_key,kind,access,origin
arrow,global-buffer-overflow|READ|validate.cc|358|fa6df5d2b949ebc4,global-buffer-overflow,READ,expected
arrow,global-buffer-overflow|WRITE|decode.c|1274|c67a45475f268ca3,global-buffer-overflow,WRITE,expected
arrow,heap-buffer-overflow|READ|array.h|589|a3c08a9c453df679,heap-buffer-overflow,READ,expected
arrow,heap-buffer-overflow|READ|bit_util.cc|95|57851131d8dea4f2,heap-buffer-overflow,READ,expected
arrow,heap-buffer-overflow|READ|bit_util.h|428|ff2bc9413c121ca5,heap-buffer-overflow,READ,expected
arrow,heap-buffer-overflow|READ|validate.cc|380|4a77a3493904fdd1,heap-buffer-overflow,READ,expected
arrow,heap-buffer-overflow|WRITE|type.cc|341|3a7baaf32bd33543,heap-buffer-overflow,WRITE,expected
arrow,negative-size-param|-|bit_stream_utils.h|110|294335079f0fc0c4,negative-size-param,-,extra
assimp,heap-buffer-overflow|READ|HMPLoader.cpp|456|fd46e9fda6dcfcf5,heap-buffer-overflow,READ,expected
assimp,heap-buffer-overflow|READ|IOStreamBuffer.h|305|2fac6be40d4d0a0e,heap-buffer-overflow,READ,expected
assimp,heap-buffer-overflow|READ|LWOAnimation.cpp|210|31abc766f87ab379,heap-buffer-overflow,READ,expected
assimp,heap-buffer-overflow|READ|MD3Loader.cpp|1044|b047314a68c852a1,heap-buffer-overflow,READ,expected
assimp,heap-buffer-overflow|READ|MD5Parser.cpp|148|e60126e7c0b39fc0,heap-buffer-overflow,READ,expected
assimp,heap-buffer-overflow|READ|MD5Parser.h|436|5fcac9b624966136,heap-buffer-overflow,READ,expected
assimp,heap-buffer-overflow|READ|MDLLoader.cpp|226|182cbc9ea7ea9ad1,heap-buffer-overflow,READ,expected
assimp,heap-buffer-overflow|READ|MDLMaterialLoader.cpp|233|4efd1e1fa554dce6,heap-buffer-overflow,READ,expected
assimp,heap-buffer-overflow|READ|MDLMaterialLoader.cpp|713|fbd674aebeee8c32,heap-buffer-overflow,READ,expected
assimp,heap-buffer-overflow|READ|ObjFileParser.cpp|428|eafb083967afa3be,heap-buffer-overflow,READ,expected
assimp,heap-buffer-overflow|READ|OpenDDLParser.cpp|492|616c2e4ccd73ceb2,heap-buffer-overflow,READ,expected
assimp,heap-buffer-overflow|READ|OpenDDLParser.cpp|551|192e0943519d3535,heap-buffer-overflow,READ,expected
assimp,heap-buffer-overflow|READ|ParsingUtils.h|144|1bcaa9a31ee8ee57,heap-buffer-overflow,READ,expected
assimp,heap-buffer-overflow|READ|RemoveComments.cpp|72|4217d10f97f578f9,heap-buffer-overflow,READ,expected
assimp,heap-buffer-overflow|READ|ScenePreprocessor.cpp|146|57a85800e5acda3e,heap-buffer-overflow,READ,expected
assimp,heap-buffer-overflow|READ|TinyFormatter.h|130|617ff26184b7c7c0,heap-buffer-overflow,READ,expected
assimp,heap-buffer-overflow|READ|texture.h|104|02d9ed9c6a37e400,heap-buffer-overflow,READ,expected
assimp,heap-buffer-overflow|WRITE|HMPLoader.cpp|386|ef6e2b5e594ee036,heap-buffer-overflow,WRITE,expected
assimp,heap-buffer-overflow|WRITE|IOStreamBuffer.h|282|a7d39632073bbbf5,heap-buffer-overflow,WRITE,expected
assimp,heap-buffer-overflow|WRITE|PlyLoader.cpp|462|d212c8d786e79d7b,heap-buffer-overflow,WRITE,expected
assimp,heap-buffer-overflow|WRITE|m3d.h|912|4b50cff63aa22168,heap-buffer-overflow,WRITE,expected
assimp,heap-use-after-free|READ|shared_ptr_base.h|929|30425941362d9e0a,heap-use-after-free,READ,expected
assimp,memcpy-param-overlap|-|unzip.c|1347|2d140a8c6cb17863,memcpy-param-overlap,-,expected
assimp,stack-buffer-overflow|READ|FileSystemFilter.h|305|bee915871e84c89a,stack-buffer-overflow,READ,expected
assimp,stack-buffer-overflow|READ|MaterialSystem.cpp|485|942b3db7af55813e,stack-buffer-overflow,READ,expected
assimp,stack-buffer-overflow|READ|ZipArchiveIOSystem.cpp|377|0ab2e13c24c67d6f,stack-buffer-overflow,READ,expected
espeak-ng,global-buffer-overflow|READ|dictionary.c|714|9a15a6a466d8485c,global-buffer-overflow,READ,expected
espeak-ng,global-buffer-overflow|READ|phonemelist.c|75|b9e8f863435188a1,global-buffer-overflow,READ,expected
espeak-ng,global-buffer-overflow|READ|setlengths.c|427|8ee3aaf37d8ef0c3,global-buffer-overflow,READ,expected
espeak-ng,heap-use-after-free|READ|dictionary.c|2244|e49f95661a46fd39,heap-use-after-free,READ,expected
espeak-ng,heap-use-after-free|READ|dictionary.c|2592|b241675a17a88038,heap-use-after-free,READ,expected
espeak-ng,heap-use-after-free|READ|numbers.c|839|a0e42f5c6e41640d,heap-use-after-free,READ,expected
espeak-ng,stack-buffer-overflow|READ|dictionary.c|714|9a15a6a466d8485c,stack-buffer-overflow,READ,expected
espeak-ng,stack-buffer-overflow|READ|numbers.c|1785|1bb68fe0b2b212c8,stack-buffer-overflow,READ,expected
espeak-ng,stack-buffer-overflow|READ|translate.c|2582|9a4578f6ee2935f6,stack-buffer-overflow,READ,expected
espeak-ng,stack-buffer-underflow|READ|synthdata.c|473|43c58f66d964295a,stack-buffer-underflow,READ,expected
fluent-bit,double-free|-|flb_mem.h|122|0f7f4c67317f93a0,double-free,-,expected
fluent-bit,heap-buffer-overflow|READ|flb_hash.c|375|6f6b24bac70d256e,heap-buffer-overflow,READ,expected
fluent-bit,heap-buffer-overflow|READ|flb_log.c|406|660795f88f34f12b,heap-buffer-overflow,READ,expected
fluent-bit,heap-buffer-overflow|READ|flb_parser_json.c|164|533394cc2fdf2030,heap-buffer-overflow,READ,expected
fluent-bit,heap-buffer-overflow|READ|flb_sds.c|291|ce5ee0f1cfc0fc27,heap-buffer-overflow,READ,expected
fluent-bit,heap-buffer-overflow|READ|flb_strptime.c|442|560bac93eb905405,heap-buffer-overflow,READ,expected
fluent-bit,heap-buffer-overflow|READ|flb_strptime.c|674|c718cace095677cf,heap-buffer-overflow,READ,expected
fluent-bit,heap-buffer-overflow|READ|flb_utils.c|477|6761821924511327,heap-buffer-overflow,READ,expected
fluent-bit,heap-buffer-overflow|WRITE|flb_pack.c|656|c544f6ab58470584,heap-buffer-overflow,WRITE,expected
fluent-bit,heap-buffer-overflow|WRITE|flb_utils.c|577|18687981c9f65ddb,heap-buffer-overflow,WRITE,expected
fluent-bit,heap-use-after-free|READ|flb_parser_decoder.c|743|0bd695c7422731cf,heap-use-after-free,READ,expected
fluent-bit,stack-buffer-overflow|READ|flb_sds.c|132|4c9b8aa41ad4c1e2,stack-buffer-overflow,READ,expected
ghostpdl,global-buffer-overflow|READ|pdf_dict.c|246|5bd920d390d24f59,global-buffer-overflow,READ,expected
ghostpdl,global-buffer-overflow|READ|pdf_fontps.c|695|15fa1f72c27c061b,global-buffer-overflow,READ,expected
ghostpdl,global-buffer-overflow|READ|pdf_int.c|1191|dd6aad8aff2a4b38,global-buffer-overflow,READ,expected
ghostpdl,heap-buffer-overflow|READ|gdevm1.c|683|7cc19e34607ba168,heap-buffer-overflow,READ,expected
ghostpdl,heap-buffer-overflow|READ|gsmchunk.c|857|cc26eeecd6c76f21,heap-buffer-overflow,READ,expected
ghostpdl,heap-buffer-overflow|READ|pdf_deref.c|560|62862fb368d18db8,heap-buffer-overflow,READ,expected
ghostpdl,heap-buffer-overflow|READ|pdf_fapi.c|212|23f8cc281bf88565,heap-buffer-overflow,READ,expected
ghostpdl,heap-buffer-overflow|READ|pdf_font1C.c|811|c896b779ef135248,heap-buffer-overflow,READ,expected
ghostpdl,heap-buffer-overflow|READ|pdf_fontps.c|181|b3b28b93d0768088,heap-buffer-overflow,READ,expected
ghostpdl,heap-buffer-overflow|READ|pdf_xref.c|108|d8a282838ae877f9,heap-buffer-overflow,READ,expected
ghostpdl,heap-buffer-overflow|READ|pdf_xref.c|762|88190b485ec952a3,heap-buffer-overflow,READ,expected
ghostpdl,heap-buffer-overflow|READ|sfilter1.c|105|f1820f57f0175656,heap-buffer-overflow,READ,expected
ghostpdl,heap-buffer-overflow|READ|stream.c|1012|9255112833862886,heap-buffer-overflow,READ,expected
ghostpdl,heap-buffer-overflow|WRITE|gsmchunk.c|654|35d818aa274adbd1,heap-buffer-overflow,WRITE,expected
ghostpdl,heap-buffer-overflow|WRITE|interp.c|1518|3dce55410b65a64c,heap-buffer-overflow,WRITE,expected
ghostpdl,heap-buffer-overflow|WRITE|pdf_repair.c|439|40c63633fe719a49,heap-buffer-overflow,WRITE,expected
ghostpdl,heap-use-after-free|READ|gsmchunk.c|1092|138465958b671d3a,heap-use-after-free,READ,expected
ghostpdl,heap-use-after-free|READ|igc.c|915|627b4c4782dcf255,heap-use-after-free,READ,expected
ghostpdl,heap-use-after-free|READ|stream.c|415|f0f5c80e14c57818,heap-use-after-free,READ,expected
ghostpdl,memcpy-param-overlap|-|ghostpdf.c|1303|92dc331bccd76285,memcpy-param-overlap,-,expected
ghostpdl,memcpy-param-overlap|-|gxfapi.c|297|b88e25369f8f800c,memcpy-param-overlap,-,expected
ghostpdl,negative-size-param|-|pdf_cmap.c|205|df8374de2c178463,negative-size-param,-,expected
ghostpdl,null-deref|READ|gsalloc.c|1507|91f10ee3d0b1f99f,null-deref,READ,extra
ghostpdl,stack-buffer-overflow|READ|pdf_sec.c|129|81d1116a67aec3ba,stack-buffer-overflow,READ,expected
ghostpdl,stack-buffer-overflow|WRITE|gsfunc3.c|121|45de77fd2cbf7b6c,stack-buffer-overflow,WRITE,expected
ghostpdl,stack-buffer-overflow|WRITE|pdf_annot.c|1449|bbb628e2c7919118,stack-buffer-overflow,WRITE,expected
ghostpdl,stack-buffer-overflow|WRITE|pdf_annot.c|3882|31cbf34f61054fd0,stack-buffer-overflow,WRITE,expected
ghostpdl,stack-buffer-overflow|WRITE|pdf_cmap.c|642|01d9de81cc1a523b,stack-buffer-overflow,WRITE,expected
ghostpdl,stack-buffer-overflow|WRITE|pdf_colour.c|1116|54aa63e61ddcce75,stack-buffer-overflow,WRITE,expected
ghostpdl,stack-buffer-overflow|WRITE|pdf_font.c|332|d28d9a1d203982aa,stack-buffer-overflow,WRITE,expected
ghostpdl,stack-buffer-overflow|WRITE|pdf_font1C.c|730|7984641303be64dd,stack-buffer-overflow,WRITE,expected
ghostpdl,stack-buffer-overflow|WRITE|pdf_font1C.c|765|0831f54e461bccce,stack-buffer-overflow,WRITE,expected
ghostpdl,stack-buffer-overflow|WRITE|pdf_optcontent.c|305|76989beeeb56600c,stack-buffer-overflow,WRITE,expected
ghostpdl,stack-buffer-overflow|WRITE|stream.c|999|53fd3d9fcfefa562,stack-buffer-overflow,WRITE,expected
ghostpdl,stack-buffer-underflow|WRITE|pdf_xref.c|761|adfdedc1851419bb,stack-buffer-underflow,WRITE,expected
gpac,global-buffer-overflow|READ|av_parsers.c|4523|11c21a14f88be827,global-buffer-overflow,READ,expected
gpac,heap-buffer-overflow|READ|av_parsers.c|9881|120be33252c97192,heap-buffer-overflow,READ,expected
gpac,heap-buffer-overflow|READ|bitstream.c|458|7088b1740ff046de,heap-buffer-overflow,READ,expected
gpac,heap-buffer-overflow|READ|descriptors.c|1189|1f7f1d1cc2c981b1,heap-buffer-overflow,READ,expected
gpac,heap-buffer-overflow|READ|dmx_m2ts.c|209|76c0a9ce00b2d400,heap-buffer-overflow,READ,expected
gpac,heap-buffer-overflow|READ|filter.c|1546|2e47fd9490acc085,heap-buffer-overflow,READ,expected
gpac,heap-buffer-overflow|READ|filter_props.c|1019|07c477f6521a9126,heap-buffer-overflow,READ,expected
gpac,heap-buffer-overflow|READ|inspect.c|1029|85ac035beacf7284,heap-buffer-overflow,READ,expected
gpac,heap-buffer-overflow|READ|inspect.c|201|8f2a3a42c7995c36,heap-buffer-overflow,READ,expected
gpac,heap-buffer-overflow|READ|inspect.c|565|fc8704425fc4f217,heap-buffer-overflow,READ,expected
gpac,heap-buffer-overflow|READ|m3u8.c|1255|3bb22a4a6289b003,heap-buffer-overflow,READ,expected
gpac,heap-buffer-overflow|READ|reframe_mp3.c|645|e03ad350df730f22,heap-buffer-overflow,READ,expected
gpac,heap-buffer-overflow|READ|reframe_mpgvid.c|428|6d606d96baa1b6f2,heap-buffer-overflow,READ,expected
gpac,heap-buffer-overflow|READ|url.c|432|112a21cd7f7be482,heap-buffer-overflow,READ,expected
gpac,heap-buffer-overflow|READ|xml_parser.c|977|c0a6cfa31d5b3988,heap-buffer-overflow,READ,expected
gpac,heap-buffer-overflow|WRITE|base_encoding.c|300|da961218626c7be9,heap-buffer-overflow,WRITE,expected
gpac,heap-use-after-free|READ|dmx_gsf.c|1322|107b826386baed41,heap-use-after-free,READ,expected
gpac,heap-use-after-free|READ|dmx_ogg.c|132|400023ce8cd86b90,heap-use-after-free,READ,expected
gpac,heap-use-after-free|READ|mpegts.c|3141|a69c6443a2db5e59,heap-use-after-free,READ,expected
gpac,memcpy-param-overlap|-|reframe_mpgvid.c|739|768a94beafe595b6,memcpy-param-overlap,-,expected
gpac,negative-size-param|-|reframe_mpgvid.c|878|907c39fd328edd83,negative-size-param,-,expected
gpac,stack-buffer-overflow|READ|load_text.c|371|997033810c3fbf8c,stack-buffer-overflow,READ,expected
gpac,stack-buffer-overflow|WRITE|filter.c|1049|6d8551c4488d0e81,stack-buffer-overflow,WRITE,expected
gpac,stack-buffer-overflow|WRITE|mpegts.c|2475|4e512b1582ce9a88,stack-buffer-overflow,WRITE,expected
gpac,stack-buffer-overflow|WRITE|os_net.c|1895|63c4ff8bc77beb7a,stack-buffer-overflow,WRITE,expected
gpac,stack-buffer-overflow|WRITE|rtsp_session.c|153|d119fa117b29ee83,stack-buffer-overflow,WRITE,expected
gpac,stack-buffer-overflow|WRITE|rtsp_session.c|76|620b7542fb57fc49,stack-buffer-overflow,WRITE,expected
gpac,stack-buffer-overflow|WRITE|token.c|105|9918e3919d927564,stack-buffer-overflow,WRITE,expected
hdf5,heap-buffer-overflow|READ|H5FSsection.c|973|975b4f6ddf141b4d,heap-buffer-overflow,READ,expected
hdf5,heap-buffer-overflow|READ|H5Faccum.c|898|2abb8ce0fb6d8c01,heap-buffer-overflow,READ,expected
hdf5,heap-buffer-overflow|READ|H5Fio.c|556|13dc43d08b646c22,heap-buffer-overflow,READ,expected
hdf5,heap-buffer-overflow|READ|H5Gnode.c|435|2fb8638ed5fd64e4,heap-buffer-overflow,READ,expected
hdf5,heap-buffer-overflow|READ|H5MM.c|172|0fa2b36bcd98a43e,heap-buffer-overflow,READ,expected
hdf5,heap-buffer-overflow|READ|H5MM.c|233|cdbdd16e30aeb6aa,heap-buffer-overflow,READ,expected
hdf5,heap-buffer-overflow|READ|H5MM.c|311|33d0c839d7174bec,heap-buffer-overflow,READ,expected
hdf5,heap-buffer-overflow|READ|H5Ocache.c|1128|fe1db45ac37a573b,heap-buffer-overflow,READ,expected
hdf5,heap-buffer-overflow|READ|H5Ochunk.c|185|9e1145f6af06a1e7,heap-buffer-overflow,READ,expected
hdf5,heap-buffer-overflow|READ|H5Oshared.c|317|280679481cc687cd,heap-buffer-overflow,READ,expected
hdf5,heap-buffer-overflow|WRITE|H5FScache.c|1500|bddda56fc6b753e5,heap-buffer-overflow,WRITE,expected
hdf5,heap-use-after-free|READ|H5FL.c|1200|fad79c19bb6d330c,heap-use-after-free,READ,expected
libavc,heap-buffer-overflow|READ|ih264d_compute_bs.c|1181|57f3e585b15c622b,heap-buffer-overflow,READ,expected
libavc,heap-buffer-overflow|READ|isvcd_intra_resamp.c|2116|6561459fd68be5ea,heap-buffer-overflow,READ,expected
libavc,heap-buffer-overflow|READ|isvcd_mode_mv_resamp.c|1355|1ba29aa6a0602145,heap-buffer-overflow,READ,expected
libavc,heap-buffer-overflow|READ|isvcd_mode_mv_resamp.c|2622|cabb2c98ef38f28d,heap-buffer-overflow,READ,expected
libavc,heap-buffer-overflow|READ|isvcd_residual_resamp_sse42.c|113|1be2cf6332d9630e,heap-buffer-overflow,READ,expected
libavc,heap-buffer-overflow|WRITE|ih264d_format_conv.c|400|f94e04d741b6b1b5,heap-buffer-overflow,WRITE,expected
libavc,heap-buffer-overflow|WRITE|ih264d_format_conv.c|611|ffbb1528ebf672f0,heap-buffer-overflow,WRITE,expected
libavc,heap-buffer-overflow|WRITE|isvcd_intra_resamp.c|4811|8a3e5d9498055e91,heap-buffer-overflow,WRITE,expected
libavc,heap-buffer-overflow|WRITE|isvcd_parse_slice.c|298|31fe3ffbb96219dc,heap-buffer-overflow,WRITE,expected
libavc,heap-use-after-free|READ|ih264_inter_pred_filters_ssse3.c|394|08d8cd401a968ccc,heap-use-after-free,READ,expected
libavc,null-deref|READ|isvcd_parse_epslice.c|1908|6d2a20374698b2de,null-deref,READ,extra
libdwarf,heap-buffer-overflow|READ|dwarf_die_deliv.c|843|c18542e472bcdc56,heap-buffer-overflow,READ,expected
libdwarf,heap-buffer-overflow|READ|dwarf_form.c|707|a25ea47f4461cfcd,heap-buffer-overflow,READ,expected
libdwarf,heap-buffer-overflow|READ|dwarf_frame2.c|921|7655b27fd02e6a67,heap-buffer-overflow,READ,expected
libdwarf,heap-buffer-overflow|READ|dwarf_leb.c|243|623b6a5cbbd8a192,heap-buffer-overflow,READ,expected
libdwarf,heap-buffer-overflow|READ|dwarf_line.c|2107|e9f4b178b76ea6f2,heap-buffer-overflow,READ,expected
libdwarf,heap-buffer-overflow|READ|dwarf_line_table_reader_common.h|1023|8520f147cb184167,heap-buffer-overflow,READ,expected
libdwarf,heap-buffer-overflow|READ|dwarf_line_table_reader_common.h|1282|a8450fd1a8e2c653,heap-buffer-overflow,READ,expected
libdwarf,heap-buffer-overflow|READ|dwarf_line_table_reader_common.h|93|74cda5e1245cfbbe,heap-buffer-overflow,READ,expected
libdwarf,heap-buffer-overflow|READ|dwarf_locationop_read.c|700|1617d540ab476760,heap-buffer-overflow,READ,expected
libdwarf,heap-buffer-overflow|READ|dwarf_locationop_read.c|71|a1346283456c8d79,heap-buffer-overflow,READ,expected
libdwarf,heap-buffer-overflow|READ|dwarf_memcpy_swap.c|49|230186b3a876d59f,heap-buffer-overflow,READ,expected
libdwarf,heap-use-after-free|READ|dwarf_alloc.c|872|aae6543b8c2eb25b,heap-use-after-free,READ,expected
libdwarf,stack-buffer-overflow|READ|dwarf_query.c|1168|c05fd4361a487294,stack-buffer-overflow,READ,expected
libdwarf,stack-buffer-overflow|READ|dwarf_query.c|1943|64b09f4a38e637cc,stack-buffer-overflow,READ,expected
libraw,global-buffer-overflow|READ|wblists.cpp|28|15b12299289720bb,global-buffer-overflow,READ,expected
libraw,heap-buffer-overflow|READ|kodak_decoders.cpp|270|445263492f4b21e6,heap-buffer-overflow,READ,expected
libraw,heap-buffer-overflow|READ|load_mfbacks.cpp|362|6541c11f91b031ff,heap-buffer-overflow,READ,expected
libraw,heap-buffer-overflow|READ|xtrans_demosaic.cpp|230|270086c2cdb06b49,heap-buffer-overflow,READ,expected
libraw,heap-buffer-overflow|WRITE|libraw_datastream.cpp|372|cc54e64951410405,heap-buffer-overflow,WRITE,expected
libraw,heap-use-after-free|READ|read_utils.cpp|54|b4b83a5f631cca5e,heap-use-after-free,READ,expected
libraw,stack-buffer-overflow|WRITE|cr3_parser.cpp|243|840d66edaeeca7a7,stack-buffer-overflow,WRITE,expected
libraw,stack-buffer-overflow|WRITE|xtrans_demosaic.cpp|275|eb64d54964120f26,stack-buffer-overflow,WRITE,expected
libxml2,global-buffer-overflow|READ|HTMLparser.c|3371|686314c1b43c77ed,global-buffer-overflow,READ,expected
libxml2,global-buffer-overflow|READ|HTMLparser.c|5068|6ec6f96e80e56c84,global-buffer-overflow,READ,expected
libxml2,global-buffer-overflow|READ|dict.c|437|6768b073b20ec0f5,global-buffer-overflow,READ,expected
libxml2,global-buffer-overflow|READ|parser.c|2122|a95992ef53f22f7d,global-buffer-overflow,READ,expected
libxml2,global-buffer-overflow|READ|parser.c|8867|316540a030ef2338,global-buffer-overflow,READ,expected
libxml2,global-buffer-overflow|READ|parser.c|8867|5885be10e1a36950,global-buffer-overflow,READ,expected
libxml2,global-buffer-overflow|READ|parser.c|9949|d80799be87c72b5a,global-buffer-overflow,READ,expected
libxml2,global-buffer-overflow|READ|parserInternals.c|597|7029289d9ff4e2c2,global-buffer-overflow,READ,expected
ndpi,heap-buffer-overflow|READ|capwap.c|69|640c4ee0f8b6bd0a,heap-buffer-overflow,READ,expected
ndpi,heap-buffer-overflow|READ|dns.c|144|3fb73b9e94d2c262,heap-buffer-overflow,READ,expected
ndpi,heap-buffer-overflow|READ|fix.c|38|308c6c3a3b1361af,heap-buffer-overflow,READ,expected
ndpi,heap-buffer-overflow|READ|h323.c|81|a78741655e96bf29,heap-buffer-overflow,READ,expected
ndpi,heap-buffer-overflow|READ|irc.c|680|2bd43056f5ff55df,heap-buffer-overflow,READ,expected
ndpi,heap-buffer-overflow|READ|memcached.c|162|94fe90f2c81be6ff,heap-buffer-overflow,READ,expected
ndpi,heap-buffer-overflow|READ|netbios.c|50|5acb7f9a4cfd7013,heap-buffer-overflow,READ,expected
ndpi,heap-buffer-overflow|READ|oracle.c|46|e1a0038d35c70501,heap-buffer-overflow,READ,expected
ndpi,heap-buffer-overflow|READ|oscar.c|145|8fe7e89c842aae0e,heap-buffer-overflow,READ,expected
ndpi,heap-buffer-overflow|READ|spotify.c|51|178d02692d5ce5bc,heap-buffer-overflow,READ,expected
ndpi,heap-buffer-overflow|READ|stun.c|354|539047bb861c342b,heap-buffer-overflow,READ,expected
ndpi,heap-buffer-overflow|READ|tls.c|596|fc69d098a0aeb071,heap-buffer-overflow,READ,expected
ndpi,heap-buffer-overflow|READ|yahoo.c|78|b69418be614573cb,heap-buffer-overflow,READ,expected
ndpi,stack-buffer-overflow|WRITE|tls.c|716|24e5244d1229600a,stack-buffer-overflow,WRITE,expected
ndpi,stack-use-after-scope|READ|kerberos.c|239|b49a92dfdd9975a5,stack-use-after-scope,READ,expected
openh264,heap-buffer-overflow|READ|deblocking_common.cpp|192|85b283545f82d0ce,heap-buffer-overflow,READ,expected
openh264,heap-buffer-overflow|READ|error_concealment.cpp|130|b023056eb8a112da,heap-buffer-overflow,READ,expected
openh264,heap-buffer-overflow|READ|error_concealment.cpp|450|6634eff6f3714b8b,heap-buffer-overflow,READ,expected
openh264,heap-buffer-overflow|READ|mc.cpp|361|378329fc0e175fb8,heap-buffer-overflow,READ,expected
openh264,heap-buffer-overflow|WRITE|decode_slice.cpp|1367|13b639615a63f30d,heap-buffer-overflow,WRITE,expected
openh264,heap-buffer-overflow|WRITE|decode_slice.cpp|490|9cd7346b1d4d18f9,heap-buffer-overflow,WRITE,expected
openh264,heap-buffer-overflow|WRITE|decode_slice.cpp|683|1ec26b676d24ee87,heap-buffer-overflow,WRITE,expected
openh264,heap-buffer-overflow|WRITE|error_concealment.cpp|162|75c04df34c4a0338,heap-buffer-overflow,WRITE,expected
openh264,heap-buffer-overflow|WRITE|manage_dec_ref.cpp|182|4a4dd47da8ed36f3,heap-buffer-overflow,WRITE,expected
openh264,heap-buffer-overflow|WRITE|mv_pred.cpp|1180|d162ba8ee7c871c9,heap-buffer-overflow,WRITE,expected
openh264,heap-buffer-overflow|WRITE|mv_pred.cpp|813|d251398f2b19f83a,heap-buffer-overflow,WRITE,expected
openh264,heap-buffer-overflow|WRITE|mv_pred.cpp|840|54efe7471428bc57,heap-buffer-overflow,WRITE,expected
openh264,heap-buffer-overflow|WRITE|parse_mb_syn_cabac.cpp|166|76d6932cc2ad3acc,heap-buffer-overflow,WRITE,extra
openh264,heap-use-after-free|READ|decoder_core.cpp|2481|39665492c12ec7bd,heap-use-after-free,READ,extra
opensc,double-free|-|pkcs15.c|2035|fbda4a1dd693e1a5,double-free,-,expected
opensc,heap-buffer-overflow|READ|card-epass2003.c|1290|e3edbe146f7d3501,heap-buffer-overflow,READ,expected
opensc,heap-buffer-overflow|READ|pkcs15-lib.c|628|bb958919dd48a835,heap-buffer-overflow,READ,expected
opensc,heap-buffer-overflow|WRITE|pkcs15-epass2003.c|379|4de7b9e7b77400f7,heap-buffer-overflow,WRITE,expected
opensc,heap-buffer-overflow|WRITE|pkcs15-myeid.c|608|54be71c05b522473,heap-buffer-overflow,WRITE,expected
opensc,heap-buffer-overflow|WRITE|profile.c|1357|8c8639a415663745,heap-buffer-overflow,WRITE,expected
opensc,stack-buffer-overflow|READ|card-authentic.c|160|91da81474639fd36,stack-buffer-overflow,READ,expected
opensc,stack-buffer-overflow|READ|card-authentic.c|188|75164954ffaa42c8,stack-buffer-overflow,READ,expected
opensc,stack-buffer-overflow|READ|card-cardos.c|544|87b5fdc934fb921e,stack-buffer-overflow,READ,expected
opensc,stack-buffer-overflow|READ|card-sc-hsm.c|927|e73305851fd48ffe,stack-buffer-overflow,READ,expected
opensc,stack-buffer-overflow|READ|iasecc-sdo.c|220|2781104355e11c70,stack-buffer-overflow,READ,expected
opensc,stack-buffer-overflow|READ|sc.c|278|f128094fd179e8fb,stack-buffer-overflow,READ,expected
opensc,stack-buffer-overflow|READ|sc.c|467|4dbe43d03c9141d7,stack-buffer-overflow,READ,expected
opensc,stack-buffer-overflow|WRITE|muscle.c|132|83b0b4a169d803f5,stack-buffer-overflow,WRITE,expected
opensc,stack-buffer-overflow|WRITE|pkcs15-lib.c|679|3f2799e73830e766,stack-buffer-overflow,WRITE,expected
openvswitch,double-free|-|match.c|1776|d9e75936d554da7c,double-free,-,expected
openvswitch,heap-buffer-overflow|READ|flow.c|420|ea38fed19cff1a83,heap-buffer-overflow,READ,expected
openvswitch,heap-buffer-overflow|READ|learn.c|51|8980635473021348,heap-buffer-overflow,READ,expected
openvswitch,heap-buffer-overflow|READ|odp-util.c|2527|eb93d912cb0171b1,heap-buffer-overflow,READ,expected
openvswitch,heap-buffer-overflow|READ|ofp-actions.c|5009|28c6546e5440b620,heap-buffer-overflow,READ,expected
openvswitch,heap-buffer-overflow|READ|ofp-port.c|1623|1186975f2e20dee6,heap-buffer-overflow,READ,expected
openvswitch,heap-buffer-overflow|READ|ofp-print.c|88|85eef4a1b5e48af6,heap-buffer-overflow,READ,expected
openvswitch,heap-buffer-overflow|WRITE|ofpbuf.c|473|f0c46c18312b65c6,heap-buffer-overflow,WRITE,expected
openvswitch,heap-use-after-free|READ|odp-util.c|2246|1f04408f7e3b1477,heap-use-after-free,READ,expected
openvswitch,heap-use-after-free|WRITE|ofp-actions.c|3963|20db60f59424efe9,heap-use-after-free,WRITE,expected
openvswitch,stack-buffer-overflow|READ|util.h|171|111f524bfd895e0a,stack-buffer-overflow,READ,expected
openvswitch,stack-buffer-underflow|READ|lex.c|341|e57f969412d44321,stack-buffer-underflow,READ,expected
PcapPlusPlus,heap-buffer-overflow|READ|BgpLayer.cpp|546|655ed0633bb3cac1,heap-buffer-overflow,READ,expected
PcapPlusPlus,heap-buffer-overflow|READ|DnsResource.cpp|16|49b101efc59107bf,heap-buffer-overflow,READ,expected
PcapPlusPlus,heap-buffer-overflow|READ|DnsResource.cpp|297|95d769a41fb83d3a,heap-buffer-overflow,READ,expected
PcapPlusPlus,heap-buffer-overflow|READ|GreLayer.cpp|28|a3e5522611aa5e9d,heap-buffer-overflow,READ,expected
PcapPlusPlus,heap-buffer-overflow|READ|IPv4Layer.h|493|050c382d350d855d,heap-buffer-overflow,READ,expected
PcapPlusPlus,heap-buffer-overflow|READ|IPv6Extensions.h|51|176ad5cbb7edbb0c,heap-buffer-overflow,READ,expected
PcapPlusPlus,heap-buffer-overflow|READ|IpAddress.h|204|f977036ff1413db7,heap-buffer-overflow,READ,expected
PcapPlusPlus,heap-buffer-overflow|READ|SSLHandshake.cpp|1280|8ff0c898fe6e800c,heap-buffer-overflow,READ,expected
PcapPlusPlus,heap-buffer-overflow|READ|SSLHandshake.cpp|1320|eabaec0740beb743,heap-buffer-overflow,READ,expected
PcapPlusPlus,heap-buffer-overflow|READ|SSLHandshake.cpp|1413|440594c38584fa14,heap-buffer-overflow,READ,expected
PcapPlusPlus,heap-buffer-overflow|READ|SipLayer.cpp|894|494645f225a82075,heap-buffer-overflow,READ,expected
PcapPlusPlus,heap-buffer-overflow|READ|SomeIpSdLayer.cpp|242|c0fe6dd6fb127f79,heap-buffer-overflow,READ,expected
PcapPlusPlus,heap-buffer-overflow|READ|SomeIpSdLayer.cpp|347|749b3e4a0a108341,heap-buffer-overflow,READ,expected
PcapPlusPlus,heap-buffer-overflow|READ|light_pcapng.c|58|9ada2742ace5b05a,heap-buffer-overflow,READ,expected
PcapPlusPlus,heap-buffer-overflow|WRITE|GreLayer.cpp|542|da09c54998d29fde,heap-buffer-overflow,WRITE,expected
PcapPlusPlus,heap-buffer-overflow|WRITE|Packet.cpp|660|555b2848c6580d82,heap-buffer-overflow,WRITE,expected
PcapPlusPlus,negative-size-param|-|RawPacket.cpp|137|e5e2e9f49f2e795a,negative-size-param,-,expected
PcapPlusPlus,stack-buffer-overflow|READ|NtpLayer.cpp|254|167412acc22c81e8,stack-buffer-overflow,READ,expected
pcl,container-overflow|WRITE|ply_io.cpp|283|2e7c4c3c79b03346,container-overflow,WRITE,expected
pcl,container-overflow|WRITE|ply_io.cpp|309|8c582c439b27eed8,container-overflow,WRITE,expected
pcl,heap-buffer-overflow|READ|ply_io.cpp|607|9a3738db55c078d8,heap-buffer-overflow,READ,expected
pcl,heap-buffer-overflow|WRITE|ply_io.cpp|283|2e7c4c3c79b03346,heap-buffer-overflow,WRITE,expected
pcl,heap-buffer-overflow|WRITE|ply_io.cpp|283|a7c7e3dfb23eb9b5,heap-buffer-overflow,WRITE,expected
pcl,heap-buffer-overflow|WRITE|ply_io.cpp|283|b11cb9fbefacff0c,heap-buffer-overflow,WRITE,expected
pcl,heap-buffer-overflow|WRITE|ply_io.cpp|309|8c582c439b27eed8,heap-buffer-overflow,WRITE,expected
pcl,heap-buffer-overflow|WRITE|ply_io.cpp|375|99e86c06a1b3742f,heap-buffer-overflow,WRITE,expected
selinux,heap-buffer-overflow|READ|cil_post.c|166|435e02a07233d263,heap-buffer-overflow,READ,expected
selinux,heap-buffer-overflow|READ|cil_resolve_ast.c|2352|79f5bc2f13dfec12,heap-buffer-overflow,READ,expected
selinux,heap-buffer-overflow|READ|cil_verify.c|1624|1f56b0d0eb6c47bc,heap-buffer-overflow,READ,expected
selinux,heap-buffer-overflow|READ|ebitmap.c|232|e9fe037040104df3,heap-buffer-overflow,READ,expected
selinux,heap-buffer-overflow|WRITE|cil_binary.c|357|2d9575e701eb6ece,heap-buffer-overflow,WRITE,expected
selinux,heap-use-after-free|READ|cil_list.c|58|548a54afdcc56cd5,heap-use-after-free,READ,expected
selinux,heap-use-after-free|READ|cil_reset_ast.c|17|ad409b26c9612f52,heap-use-after-free,READ,expected
selinux,heap-use-after-free|READ|cil_resolve_ast.c|1243|9957dc19e4f1558c,heap-use-after-free,READ,expected
selinux,heap-use-after-free|READ|cil_resolve_ast.c|4135|85c58f688e47d20e,heap-use-after-free,READ,expected
selinux,heap-use-after-free|READ|cil_symtab.c|119|1598345e1ea99ca1,heap-use-after-free,READ,expected
selinux,heap-use-after-free|READ|cil_tree.c|127|c75f8a33dc93a799,heap-use-after-free,READ,expected
selinux,stack-use-after-return|READ|cil_copy_ast.c|1412|76695cbfba757d1b,stack-use-after-return,READ,expected
selinux,stack-use-after-return|READ|cil_list.c|62|8bfa2325421e56c0,stack-use-after-return,READ,expected
sleuthkit,heap-buffer-overflow|READ|ext2fs.c|1232|296f6f46c3ccc865,heap-buffer-overflow,READ,expected
sleuthkit,heap-buffer-overflow|READ|ext2fs.c|1895|d734bc595ba66be5,heap-buffer-overflow,READ,expected
sleuthkit,heap-buffer-overflow|READ|ext2fs.c|674|05928faf5e2cbf4e,heap-buffer-overflow,READ,expected
sleuthkit,heap-buffer-overflow|READ|hfs.c|3920|ea835910f59f229b,heap-buffer-overflow,READ,expected
sleuthkit,heap-buffer-overflow|READ|hfs.c|695|2d2c1e323610456b,heap-buffer-overflow,READ,expected
sleuthkit,heap-buffer-overflow|READ|hfs.c|839|428bfc6f13d8412e,heap-buffer-overflow,READ,expected
sleuthkit,heap-buffer-overflow|READ|hfs_dent.c|237|6997fba0cceaaedd,heap-buffer-overflow,READ,expected
sleuthkit,heap-buffer-overflow|READ|hfs_unicompare.c|191|d059c9ef6ce0cd10,heap-buffer-overflow,READ,expected
sleuthkit,heap-buffer-overflow|READ|ntfs.c|1818|595f042a0855ac10,heap-buffer-overflow,READ,expected
sleuthkit,negative-size-param|-|iso9660.c|326|24ad4dcb3f310254,negative-size-param,-,expected
sleuthkit,stack-buffer-overflow|READ|iso9660.c|326|e67df19e44e9e245,stack-buffer-overflow,READ,expected
upx,heap-buffer-overflow|READ|bele_policy.h|111|eb34933608c7f156,heap-buffer-overflow,READ,expected
upx,heap-buffer-overflow|READ|bele_policy.h|113|43e831016dbbc8de,heap-buffer-overflow,READ,expected
upx,heap-buffer-overflow|READ|bele_policy.h|114|670e4f77aa3ad0e5,heap-buffer-overflow,READ,expected
upx,heap-buffer-overflow|READ|bele_policy.h|172|10d17a69fb121c49,heap-buffer-overflow,READ,expected
upx,heap-buffer-overflow|READ|n2b_d.c|62|254de872b6ae4c79,heap-buffer-overflow,READ,expected
upx,heap-buffer-overflow|READ|n2e_d.c|76|e1b3145d8dddb5af,heap-buffer-overflow,READ,expected
upx,heap-buffer-overflow|READ|n2e_d.c|80|630b83669619a316,heap-buffer-overflow,READ,expected
upx,heap-buffer-overflow|READ|p_lx_elf.cpp|8249|d1def304fa6d7cbe,heap-buffer-overflow,READ,expected
upx,heap-buffer-overflow|READ|p_mach.cpp|1670|2c90e261f2afc764,heap-buffer-overflow,READ,expected
upx,heap-buffer-overflow|READ|p_mach.cpp|1670|6be9ab5e13e73cfd,heap-buffer-overflow,READ,expected
upx,heap-buffer-overflow|READ|snprintf.cpp|37|2b85d60c0642c3ae,heap-buffer-overflow,READ,expected
upx,heap-use-after-free|READ|bele_policy.h|173|3afbb4673c92e8a8,heap-use-after-free,READ,expected
upx,stack-buffer-overflow|READ|p_lx_elf.cpp|7408|f79c37940b474e34,stack-buffer-overflow,READ,expected
upx,stack-buffer-overflow|READ|p_lx_elf.cpp|8553|098d55ff6d13bae1,stack-buffer-overflow,READ,expected
