locator,project,layer,association_key,member_oss_ids,member_count,original_harnesses,final_routes,type_hint,catalog_cwes,any_original_poc,any_aggregated_poc,any_original_log,any_aggregated_log,identity_status,verified_memory_bug
ghostpdl:expected:001,ghostpdl,catalog_associated,global-buffer-overflow|READ|pdfi_dict_get|pdf_dict.c,42506595,1,gstoraster_fuzzer,0,A,CWE-125,True,True,True,True,pending,False
ghostpdl:expected:002,ghostpdl,catalog_associated,global-buffer-overflow|READ|ps_font_def_func|pdf_fontps.c,42506214,1,gstoraster_fuzzer,0,A,CWE-125,True,True,True,True,pending,False
ghostpdl:expected:003,ghostpdl,catalog_associated,global-buffer-overflow|READ|search_table_1|pdf_int.c,42505828,1,gstoraster_fuzzer,0,A,CWE-125,True,True,True,True,pending,False
ghostpdl:expected:004,ghostpdl,catalog_associated,heap-buffer-overflow|READ|chunk_obj_alloc|gsmchunk.c,42505928,1,gstoraster_fuzzer,0,A,CWE-125,True,True,True,True,pending,False
ghostpdl:expected:005,ghostpdl,catalog_associated,heap-buffer-overflow|READ|mem_mono_copy_mono|gdevm1.c,42507334,1,gstoraster_fuzzer,0,A,CWE-125,True,True,True,True,pending,False
ghostpdl:expected:006,ghostpdl,catalog_associated,heap-buffer-overflow|READ|pdfi_deref_compressed|pdf_deref.c,42505896,1,gstoraster_fuzzer,0,A,CWE-125,True,True,True,True,pending,False
ghostpdl:expected:007,ghostpdl,catalog_associated,heap-buffer-overflow|READ|pdfi_fapi_get_word|pdf_fapi.c,42505891,1,gstoraster_fuzzer,0,A,CWE-125,True,True,True,True,pending,False
ghostpdl:expected:008,ghostpdl,catalog_associated,heap-buffer-overflow|READ|pdfi_pscript_interpret|pdf_fontps.c,42508046,1,gstoraster_fuzzer,0,A,CWE-125,True,True,True,True,pending,False
ghostpdl:expected:009,ghostpdl,catalog_associated,heap-buffer-overflow|READ|pdfi_read_cff_dict|pdf_font1C.c,42514528,1,gstoraster_fuzzer,0,A,CWE-125,True,True,True,True,pending,False
ghostpdl:expected:010,ghostpdl,catalog_associated,heap-buffer-overflow|READ|read_xref_section|pdf_xref.c,42506694,1,gstoraster_fuzzer,0,A,CWE-125,True,True,True,True,pending,False
ghostpdl:expected:011,ghostpdl,catalog_associated,heap-buffer-overflow|READ|read_xref_stream_entries|pdf_xref.c,42508039,1,gstoraster_fuzzer,0,A,CWE-125,True,True,True,True,pending,False
ghostpdl:expected:012,ghostpdl,catalog_associated,heap-buffer-overflow|READ|s_PFBD_process|sfilter1.c,42511259,1,gstoraster_fuzzer,0,A,CWE-125,True,True,True,True,pending,False
ghostpdl:expected:013,ghostpdl,catalog_associated,heap-buffer-overflow|READ|stream_compact|stream.c,42508918,1,gstoraster_fuzzer,0,A,CWE-125,True,True,True,True,pending,False
ghostpdl:expected:014,ghostpdl,catalog_associated,heap-buffer-overflow|WRITE|insert_free|gsmchunk.c,42506155,1,gstoraster_fuzzer,0,A,CWE-787,True,True,True,True,pending,False
ghostpdl:expected:015,ghostpdl,catalog_associated,heap-buffer-overflow|WRITE|interp|interp.c,42507890,1,gstoraster_fuzzer,0,A,CWE-787,True,True,True,True,pending,False
ghostpdl:expected:016,ghostpdl,catalog_associated,heap-buffer-overflow|WRITE|pdfi_repair_file|pdf_repair.c,42505894,1,gstoraster_fuzzer,0,A,CWE-787,True,True,True,True,pending,False
ghostpdl:expected:017,ghostpdl,catalog_associated,heap-use-after-free|READ|chunk_free_object|gsmchunk.c,42505893,1,gstoraster_fuzzer,0,B,CWE-416,True,True,True,True,pending,False
ghostpdl:expected:018,ghostpdl,catalog_associated,heap-use-after-free|READ|gc_trace|igc.c,42510720,1,gstoraster_fuzzer,0,B,CWE-416,True,True,True,True,pending,False
ghostpdl:expected:019,ghostpdl,catalog_associated,heap-use-after-free|READ|stell|stream.c,42505844,1,gstoraster_fuzzer,0,B,CWE-416,True,True,True,True,pending,False
ghostpdl:expected:020,ghostpdl,catalog_associated,memcpy-param-overlap|-|pdfi_set_input_stream|ghostpdf.c,42505830,1,gstoraster_fuzzer,0,X,CWE-475,True,True,True,True,pending,False
ghostpdl:expected:021,ghostpdl,catalog_associated,memcpy-param-overlap|-|recreate_multiple_master|gxfapi.c,42506261,1,gstoraster_fuzzer,0,X,CWE-475,True,True,True,True,pending,False
ghostpdl:expected:022,ghostpdl,catalog_associated,negative-size-param|-|general_endcidrange_func|pdf_cmap.c,42506064,1,gstoraster_fuzzer,0,X,CWE-787,True,True,True,True,pending,False
ghostpdl:expected:023,ghostpdl,catalog_associated,stack-buffer-overflow|READ|pdf_compute_encryption_key_preR5|pdf_sec.c,42508844,1,gstoraster_fuzzer,0,A,CWE-125,True,True,True,True,pending,False
ghostpdl:expected:024,ghostpdl,catalog_associated,stack-buffer-overflow|WRITE|fn_ElIn_evaluate|gsfunc3.c,42506658,1,gstoraster_fuzzer,0,A,CWE-787,True,True,True,True,pending,False
ghostpdl:expected:025,ghostpdl,catalog_associated,stack-buffer-overflow|WRITE|pdf_cmap_open_file|pdf_cmap.c,42506350,1,gstoraster_fuzzer,0,A,CWE-787,True,True,True,True,pending,False
ghostpdl:expected:026,ghostpdl,catalog_associated,stack-buffer-overflow|WRITE|pdfi_annot_draw_LE_one|pdf_annot.c,42506402,1,gstoraster_fuzzer,0,A,CWE-787,True,True,True,True,pending,False
ghostpdl:expected:027,ghostpdl,catalog_associated,stack-buffer-overflow|WRITE|pdfi_annot_draw|pdf_annot.c,42505898,1,gstoraster_fuzzer,0,A,CWE-787,True,True,True,True,pending,False
ghostpdl:expected:028,ghostpdl,catalog_associated,stack-buffer-overflow|WRITE|pdfi_create_iccbased|pdf_colour.c,42506044,1,gstoraster_fuzzer,0,A,CWE-787,True,True,True,True,pending,False
ghostpdl:expected:029,ghostpdl,catalog_associated,stack-buffer-overflow|WRITE|pdfi_oc_is_ocg_visible|pdf_optcontent.c,42506541,1,gstoraster_fuzzer,0,A,CWE-787,True,True,True,True,pending,False
ghostpdl:expected:030,ghostpdl,catalog_associated,stack-buffer-overflow|WRITE|pdfi_open_CIDFont_substitute_file|pdf_font.c,42507791,1,gstoraster_fuzzer,0,A,CWE-787,True,True,True,True,pending,False
ghostpdl:expected:031,ghostpdl,catalog_associated,stack-buffer-overflow|WRITE|pdfi_read_cff_integer|pdf_font1C.c,42505863,1,gstoraster_fuzzer,0,A,CWE-787,True,True,True,True,pending,False
ghostpdl:expected:032,ghostpdl,catalog_associated,stack-buffer-overflow|WRITE|pdfi_read_cff_real|pdf_font1C.c,42521255,1,gstoraster_fuzzer,0,A,CWE-787,True,True,True,True,pending,False
ghostpdl:expected:033,ghostpdl,catalog_associated,stack-buffer-overflow|WRITE|stream_move|stream.c,42507931,1,gstoraster_fuzzer,0,A,CWE-787,True,True,True,True,pending,False
ghostpdl:expected:034,ghostpdl,catalog_associated,stack-buffer-underflow|WRITE|read_xref_section|pdf_xref.c,42505859,1,gstoraster_fuzzer,0,A,CWE-787,True,True,True,True,pending,False
ghostpdl:extra:001,ghostpdl,extra_report,segv|-|i_free_object|gsalloc.c,42514830,1,gstoraster_fuzzer,0,,CWE-125,True,True,True,True,pending,False
gpac:expected:001,gpac,catalog_associated,global-buffer-overflow|READ|gf_mp3_bit_rate|av_parsers.c,42532406,1,fuzz_probe_analyze,1,A,CWE-125,True,True,True,True,pending,False
gpac:expected:002,gpac,catalog_associated,heap-buffer-overflow|READ|BS_ReadByte|bitstream.c,42531310,1,fuzz_probe_analyze,1,A,CWE-125,True,True,True,True,pending,False
gpac:expected:003,gpac,catalog_associated,heap-buffer-overflow|READ|dump_udta_m2v|inspect.c,42534289,1,fuzz_probe_analyze,1,A,CWE-125,True,True,True,True,pending,False
gpac:expected:004,gpac,catalog_associated,heap-buffer-overflow|READ|filter_parse_dyn_args|filter.c,42536591,1,fuzz_probe_analyze,1,A,CWE-125,True,True,True,True,pending,False
gpac:expected:005,gpac,catalog_associated,heap-buffer-overflow|READ|gf_inspect_dump_nalu_internal|inspect.c,42532226,1,fuzz_probe_analyze,1,A,CWE-125,True,True,True,True,pending,False
gpac:expected:006,gpac,catalog_associated,heap-buffer-overflow|READ|gf_m3u8_parse_sub_playlist|m3u8.c,42532234,1,fuzz_probe_analyze,1,A,CWE-125,True,True,True,True,pending,False
gpac:expected:007,gpac,catalog_associated,heap-buffer-overflow|READ|gf_odf_vvc_cfg_write_bs|descriptors.c,42535883,1,fuzz_probe_analyze,1,A,CWE-125,True,True,True,True,pending,False
gpac:expected:008,gpac,catalog_associated,heap-buffer-overflow|READ|gf_opus_parse_packet_header|av_parsers.c,42532961,1,fuzz_probe_analyze,1,A,CWE-125,True,True,True,True,pending,False
gpac:expected:009,gpac,catalog_associated,heap-buffer-overflow|READ|gf_props_assign_value|filter_props.c,42532144,1,fuzz_probe_analyze,1,A,CWE-125,True,True,True,True,pending,False
gpac:expected:010,gpac,catalog_associated,heap-buffer-overflow|READ|gf_url_to_fs_path|url.c,42531317,1,fuzz_probe_analyze,1,A,CWE-125,True,True,True,True,pending,False
gpac:expected:011,gpac,catalog_associated,heap-buffer-overflow|READ|inspect_get_nal_size|inspect.c,42533223,1,fuzz_probe_analyze,1,A,CWE-125,True,True,True,True,pending,False
gpac:expected:012,gpac,catalog_associated,heap-buffer-overflow|READ|m2tsdmx_declare_pid|dmx_m2ts.c,415855132,1,fuzz_probe_analyze,1,A,CWE-125,True,True,True,True,pending,False
gpac:expected:013,gpac,catalog_associated,heap-buffer-overflow|READ|mp3_dmx_process|reframe_mp3.c,42532309,1,fuzz_probe_analyze,1,A,CWE-125,True,True,True,True,pending,False
gpac:expected:014,gpac,catalog_associated,heap-buffer-overflow|READ|mpgviddmx_check_pid|reframe_mpgvid.c,42532587,1,fuzz_probe_analyze,1,A,CWE-125,True,True,True,True,pending,False
gpac:expected:015,gpac,catalog_associated,heap-buffer-overflow|READ|xml_sax_append_string|xml_parser.c,42531304,1,fuzz_probe_analyze,1,A,CWE-125,True,True,True,True,pending,False
gpac:expected:016,gpac,catalog_associated,heap-buffer-overflow|WRITE|gf_gz_decompress_payload_ex|base_encoding.c,42533348,1,fuzz_parse,0,A,CWE-787,True,True,True,True,pending,False
gpac:expected:017,gpac,catalog_associated,heap-use-after-free|READ|gf_m2ts_demux_del|mpegts.c,372994344,1,fuzz_m2ts_probe,2,B,CWE-416,True,True,True,True,pending,False
gpac:expected:018,gpac,catalog_associated,heap-use-after-free|READ|gsfdmx_finalize|dmx_gsf.c,368076877,1,fuzz_probe_analyze,1,B,CWE-416,True,True,True,True,pending,False
gpac:expected:019,gpac,catalog_associated,heap-use-after-free|READ|oggdmx_get_stream_info|dmx_ogg.c,42532326,1,fuzz_probe_analyze,1,B,CWE-416,True,True,True,True,pending,False
gpac:expected:020,gpac,catalog_associated,memcpy-param-overlap|-|mpgviddmx_process|reframe_mpgvid.c,42532171,1,fuzz_probe_analyze,1,X,CWE-475,True,True,True,True,pending,False
gpac:expected:021,gpac,catalog_associated,negative-size-param|-|mpgviddmx_process|reframe_mpgvid.c,42534138,1,fuzz_probe_analyze,1,X,CWE-787,True,True,True,True,pending,False
gpac:expected:022,gpac,catalog_associated,stack-buffer-overflow|READ|gf_text_get_utf8_line|load_text.c,42532396,1,fuzz_probe_analyze,1,A,CWE-125,True,True,True,True,pending,False
gpac:expected:023,gpac,catalog_associated,stack-buffer-overflow|WRITE|RTSP_UnpackURL|rtsp_session.c,42532195 42533592,2,fuzz_probe_analyze,1,A,CWE-787,True,True,True,True,pending,False
gpac:expected:024,gpac,catalog_associated,stack-buffer-overflow|WRITE|filter_solve_prop_template|filter.c,42532480,1,fuzz_probe_analyze,1,A,CWE-787,True,True,True,True,pending,False
gpac:expected:025,gpac,catalog_associated,stack-buffer-overflow|WRITE|gf_m2ts_get_adaptation_field|mpegts.c,42533061,1,fuzz_probe_analyze,1,A,CWE-787,True,True,True,True,pending,False
gpac:expected:026,gpac,catalog_associated,stack-buffer-overflow|WRITE|gf_sk_connect|os_net.c,42531925,1,fuzz_probe_analyze,1,A,CWE-787,True,True,True,True,pending,False
gpac:expected:027,gpac,catalog_associated,stack-buffer-overflow|WRITE|gf_token_get_line|token.c,42531371 42532845,2,fuzz_probe_analyze,1,A,CWE-125 CWE-787,True,True,True,True,pending,False
assimp:expected:001,assimp,catalog_associated,heap-buffer-overflow|READ|Assimp::CommentRemover::RemoveLineComments|RemoveComments.cpp,42486152,1,assimp_fuzzer,0,A,CWE-125,True,True,True,True,pending,False
assimp:expected:002,assimp,catalog_associated,"heap-buffer-overflow|READ|Assimp::Formatter::basic_formatter<char, std::char_traits<>, std::allocator<> >& Assimp::Formatter::basic_formatter<char, std::char_traits<>, std::allocator<> >::operator<<<>|TinyFormatter.h",42505068,1,assimp_fuzzer,0,A,CWE-125,True,True,True,True,pending,False
assimp:expected:003,assimp,catalog_associated,heap-buffer-overflow|READ|Assimp::HMPImporter::ReadFirstSkin|HMPLoader.cpp,42487095,1,assimp_fuzzer,0,A,CWE-125,True,True,True,True,pending,False
assimp:expected:004,assimp,catalog_associated,heap-buffer-overflow|READ|Assimp::IOStreamBuffer<>::getNextLine|IOStreamBuffer.h,42535669,1,assimp_fuzzer,0,A,CWE-125,True,True,True,True,pending,False
assimp:expected:005,assimp,catalog_associated,heap-buffer-overflow|READ|Assimp::LWO::AnimResolver::UpdateAnimRangeSetup|LWOAnimation.cpp,42517169,1,assimp_fuzzer,0,A,CWE-125,True,True,True,True,pending,False
assimp:expected:006,assimp,catalog_associated,heap-buffer-overflow|READ|Assimp::MD3Importer::InternReadFile|MD3Loader.cpp,42535201,1,assimp_fuzzer,0,A,CWE-125,True,True,True,True,pending,False
assimp:expected:007,assimp,catalog_associated,heap-buffer-overflow|READ|Assimp::MD5::MD5Parser::ParseSection|MD5Parser.cpp,42519284,1,assimp_fuzzer,0,A,CWE-125,True,True,True,True,pending,False
assimp:expected:008,assimp,catalog_associated,heap-buffer-overflow|READ|Assimp::MD5::MD5Parser::SkipSpacesAndLineEnd|MD5Parser.h,42513776,1,assimp_fuzzer,0,A,CWE-125,True,True,True,True,pending,False
assimp:expected:009,assimp,catalog_associated,heap-buffer-overflow|READ|Assimp::MDLImporter::InternReadFile|MDLLoader.cpp,42486096,1,assimp_fuzzer,0,A,CWE-125,True,True,True,True,pending,False
assimp:expected:010,assimp,catalog_associated,heap-buffer-overflow|READ|Assimp::MDLImporter::ParseTextureColorData|MDLMaterialLoader.cpp,42514078,1,assimp_fuzzer,0,A,CWE-125,True,True,True,True,pending,False
assimp:expected:011,assimp,catalog_associated,heap-buffer-overflow|READ|Assimp::MDLImporter::SkipSkinLump_3DGS_MDL7|MDLMaterialLoader.cpp,42525767,1,assimp_fuzzer,0,A,CWE-125,True,True,True,True,pending,False
assimp:expected:012,assimp,catalog_associated,heap-buffer-overflow|READ|Assimp::ObjFileParser::getFace|ObjFileParser.cpp,42513611,1,assimp_fuzzer,0,A,CWE-125,True,True,True,True,pending,False
assimp:expected:013,assimp,catalog_associated,heap-buffer-overflow|READ|Assimp::ScenePreprocessor::ProcessMesh|ScenePreprocessor.cpp,42514191,1,assimp_fuzzer,0,A,CWE-125,True,True,True,True,pending,False
assimp:expected:014,assimp,catalog_associated,heap-buffer-overflow|READ|ODDLParser::OpenDDLParser::normalizeBuffer|OpenDDLParser.cpp,42494198,1,assimp_fuzzer,0,A,CWE-125,True,True,True,True,pending,False
assimp:expected:015,assimp,catalog_associated,heap-buffer-overflow|READ|ODDLParser::OpenDDLParser::parseIdentifier|OpenDDLParser.cpp,42486052,1,assimp_fuzzer,0,A,CWE-125,True,True,True,True,pending,False
assimp:expected:016,assimp,catalog_associated,heap-buffer-overflow|READ|aiTexel::operator!=|texture.h,42487028,1,assimp_fuzzer,0,A,CWE-125,True,True,True,True,pending,False
assimp:expected:017,assimp,catalog_associated,heap-buffer-overflow|READ|bool Assimp::SkipSpacesAndLineEnd<>|ParsingUtils.h,42511520,1,assimp_fuzzer,0,A,CWE-125,True,True,True,True,pending,False
assimp:expected:018,assimp,catalog_associated,heap-buffer-overflow|WRITE|Assimp::HMPImporter::CreateOutputFaceList|HMPLoader.cpp,42529229,1,assimp_fuzzer,0,A,CWE-787,True,True,True,True,pending,False
assimp:expected:019,assimp,catalog_associated,heap-buffer-overflow|WRITE|Assimp::IOStreamBuffer<>::getNextDataLine|IOStreamBuffer.h,42486054,1,assimp_fuzzer,0,A,CWE-787,True,True,True,True,pending,False
assimp:expected:020,assimp,catalog_associated,heap-buffer-overflow|WRITE|Assimp::PLYImporter::LoadVertex|PlyLoader.cpp,42535739,1,assimp_fuzzer,0,A,CWE-787,True,True,True,True,pending,False
assimp:expected:021,assimp,catalog_associated,heap-buffer-overflow|WRITE|_m3d_safestr|m3d.h,42503905,1,assimp_fuzzer,0,A,CWE-125,True,True,True,True,pending,False
assimp:expected:022,assimp,catalog_associated,heap-use-after-free|READ|std::__shared_ptr<>::__shared_ptr<>|shared_ptr_base.h,42506530,1,assimp_fuzzer,0,B,CWE-416,True,True,True,True,pending,False
assimp:expected:023,assimp,catalog_associated,memcpy-param-overlap|-|unzReadCurrentFile|unzip.c,42505937,1,assimp_fuzzer,0,X,CWE-475,True,True,True,True,pending,False
assimp:expected:024,assimp,catalog_associated,stack-buffer-overflow|READ|Assimp::FileSystemFilter::Cleanup|FileSystemFilter.h,42495802,1,assimp_fuzzer,0,A,CWE-125,True,True,True,True,pending,False
assimp:expected:025,assimp,catalog_associated,stack-buffer-overflow|READ|Assimp::ZipArchiveIOSystem::Implement::MapArchive|ZipArchiveIOSystem.cpp,42502055,1,assimp_fuzzer,0,A,CWE-125,True,True,True,True,pending,False
assimp:expected:026,assimp,catalog_associated,stack-buffer-overflow|READ|aiMaterial::AddBinaryProperty|MaterialSystem.cpp,42508951,1,assimp_fuzzer,0,A,CWE-125,True,True,True,True,pending,False
PcapPlusPlus:expected:001,PcapPlusPlus,catalog_associated,heap-buffer-overflow|READ|IPv6Address|IpAddress.h,42532853,1,FuzzTargetCoverage-followup,1,A,CWE-125,True,True,False,True,pending,False
PcapPlusPlus:expected:002,PcapPlusPlus,catalog_associated,heap-buffer-overflow|READ|__parse_options|light_pcapng.c,42534584,1,FuzzWriterNg,3,A,CWE-125,True,True,False,True,pending,False
PcapPlusPlus:expected:003,PcapPlusPlus,catalog_associated,heap-buffer-overflow|READ|getCipherSuiteID|SSLHandshake.cpp,42530105,1,FuzzTargetCoverage-followup,1,A,CWE-125,True,True,False,True,pending,False
PcapPlusPlus:expected:004,PcapPlusPlus,catalog_associated,heap-buffer-overflow|READ|getDstIPv4Address|IPv4Layer.h,42525135,1,FuzzTarget,0,A,CWE-125,True,True,False,True,pending,False
PcapPlusPlus:expected:005,PcapPlusPlus,catalog_associated,heap-buffer-overflow|READ|getPathAttributesLength|BgpLayer.cpp,42534378,1,FuzzTargetCoverage-followup,1,A,CWE-125,True,True,False,True,pending,False
PcapPlusPlus:expected:006,PcapPlusPlus,catalog_associated,heap-buffer-overflow|READ|getTtl|SomeIpSdLayer.cpp,42530108,1,FuzzTargetCoverage-followup,1,A,CWE-125,True,True,False,True,pending,False
PcapPlusPlus:expected:007,PcapPlusPlus,catalog_associated,heap-buffer-overflow|READ|pcpp::DnsResource::getDataLength|DnsResource.cpp,42526050,1,FuzzTarget,0,A,CWE-125,True,True,False,True,pending,False
PcapPlusPlus:expected:008,PcapPlusPlus,catalog_associated,heap-buffer-overflow|READ|pcpp::GreLayer::getGREVersion|GreLayer.cpp,42525139,1,FuzzTarget,0,A,CWE-125,True,True,False,True,pending,False
PcapPlusPlus:expected:009,PcapPlusPlus,catalog_associated,heap-buffer-overflow|READ|pcpp::IDnsResource::IDnsResource|DnsResource.cpp,42525202,1,FuzzTarget,0,A,CWE-125,True,True,False,True,pending,False
PcapPlusPlus:expected:010,PcapPlusPlus,catalog_associated,heap-buffer-overflow|READ|pcpp::IPv6Extension::getExtensionLen|IPv6Extensions.h,42525129,1,FuzzTarget,0,A,CWE-125,True,True,False,True,pending,False
PcapPlusPlus:expected:011,PcapPlusPlus,catalog_associated,heap-buffer-overflow|READ|pcpp::SSLClientHelloMessage::SSLClientHelloMessage|SSLHandshake.cpp,42525350,1,FuzzTarget,0,A,CWE-125,True,True,False,True,pending,False
PcapPlusPlus:expected:012,PcapPlusPlus,catalog_associated,heap-buffer-overflow|READ|pcpp::SSLHandshakeMessage::getMessageLength|SSLHandshake.cpp,42526031,1,FuzzTarget,0,A,CWE-125,True,True,False,True,pending,False
PcapPlusPlus:expected:013,PcapPlusPlus,catalog_associated,heap-buffer-overflow|READ|pcpp::SipResponseFirstLine::SipResponseFirstLine|SipLayer.cpp,42525370,1,FuzzTarget,0,A,CWE-125,True,True,False,True,pending,False
PcapPlusPlus:expected:014,PcapPlusPlus,catalog_associated,heap-buffer-overflow|READ|pcpp::SomeIpSdEntry::SomeIpSdEntry|SomeIpSdLayer.cpp,42535137,1,FuzzTargetCoverage-followup,1,A,CWE-125,True,True,False,True,pending,False
PcapPlusPlus:expected:015,PcapPlusPlus,catalog_associated,heap-buffer-overflow|WRITE|pcpp::GREv1Layer::computeCalculateFields|GreLayer.cpp,42530090,1,FuzzTargetCoverage-followup,1,A,CWE-787,True,True,False,True,pending,False
PcapPlusPlus:expected:016,PcapPlusPlus,catalog_associated,heap-buffer-overflow|WRITE|pcpp::PPP_PPTPLayer::computeCalculateFields|GreLayer.cpp,42530184,1,FuzzTargetCoverage-followup,1,A,CWE-787,True,True,False,True,pending,False
PcapPlusPlus:expected:017,PcapPlusPlus,catalog_associated,negative-size-param|-|pcpp::RawPacket::insertData|RawPacket.cpp,42530091,1,FuzzTargetNg,2,X,CWE-787,True,True,False,True,pending,False
PcapPlusPlus:expected:018,PcapPlusPlus,catalog_associated,stack-buffer-overflow|READ|pcpp::NtpLayer::getReferenceIdentifierString|NtpLayer.cpp,42530230,1,FuzzTargetCoverage-followup,1,A,CWE-125,True,True,False,True,pending,False
ndpi:expected:001,ndpi,catalog_associated,heap-buffer-overflow|READ|check_ymsg|yahoo.c,42482045,1,fuzz_process_packet,0,A,CWE-125,False,True,True,True,pending,False
ndpi:expected:002,ndpi,catalog_associated,heap-buffer-overflow|READ|getTLScertificate|tls.c,42480282,1,fuzz_process_packet,0,A,CWE-125,False,True,True,True,pending,False
ndpi:expected:003,ndpi,catalog_associated,heap-buffer-overflow|READ|ndpi_check_spotify|spotify.c,42484330,1,fuzz_process_packet,0,A,CWE-125,False,True,True,True,pending,False
ndpi:expected:004,ndpi,catalog_associated,heap-buffer-overflow|READ|ndpi_int_check_stun|stun.c,42479691,1,fuzz_process_packet,0,A,CWE-125,False,True,True,True,pending,False
ndpi:expected:005,ndpi,catalog_associated,heap-buffer-overflow|READ|ndpi_netbios_name_interpret|netbios.c,42482009,1,fuzz_process_packet,0,A,CWE-125,False,True,True,True,pending,False
ndpi:expected:006,ndpi,catalog_associated,heap-buffer-overflow|READ|ndpi_search_fix|fix.c,42482526,1,fuzz_process_packet,0,A,CWE-125,False,True,True,True,pending,False
ndpi:expected:007,ndpi,catalog_associated,heap-buffer-overflow|READ|ndpi_search_h323|h323.c,42483697,1,fuzz_process_packet,0,A,CWE-125,False,True,True,True,pending,False
ndpi:expected:008,ndpi,catalog_associated,heap-buffer-overflow|READ|ndpi_search_irc_tcp|irc.c,42482590,1,fuzz_process_packet,0,A,CWE-125,False,True,True,True,pending,False
ndpi:expected:009,ndpi,catalog_associated,heap-buffer-overflow|READ|ndpi_search_memcached|memcached.c,42480344,1,fuzz_process_packet,0,A,CWE-125,False,True,True,True,pending,False
ndpi:expected:010,ndpi,catalog_associated,heap-buffer-overflow|READ|ndpi_search_oracle|oracle.c,42483072,1,fuzz_process_packet,0,A,CWE-125,False,True,True,True,pending,False
ndpi:expected:011,ndpi,catalog_associated,heap-buffer-overflow|READ|ndpi_search_oscar_tcp_connect|oscar.c,42481695,1,fuzz_process_packet,0,A,CWE-125,False,True,True,True,pending,False
ndpi:expected:012,ndpi,catalog_associated,heap-buffer-overflow|READ|ndpi_search_setup_capwap|capwap.c,42482207,1,fuzz_process_packet,0,A,CWE-125,False,True,True,True,pending,False
ndpi:expected:013,ndpi,catalog_associated,heap-buffer-overflow|READ|search_valid_dns|dns.c,42482498,1,fuzz_process_packet,0,A,CWE-125,False,True,True,True,pending,False
ndpi:expected:014,ndpi,catalog_associated,stack-buffer-overflow|WRITE|getTLScertificate|tls.c,42480587,1,fuzz_process_packet,0,A,CWE-787,False,True,True,True,pending,False
ndpi:expected:015,ndpi,catalog_associated,stack-use-after-scope|READ|ndpi_search_kerberos|kerberos.c,42487144,1,fuzz_process_packet,0,,CWE-125,False,True,True,True,pending,False
opensc:expected:001,opensc,catalog_associated,attempting|-|sc_pkcs15_encode_df|pkcs15.c,42516458,1,fuzz_pkcs15init,0,C,CWE-415,True,True,True,True,pending,False
opensc:expected:002,opensc,catalog_associated,heap-buffer-overflow|READ|epass2003_hook_path|card-epass2003.c,42509982,1,fuzz_pkcs15init,0,A,CWE-125,True,True,True,True,pending,False
opensc:expected:003,opensc,catalog_associated,heap-buffer-overflow|READ|sc_pkcs15init_delete_by_path|pkcs15-lib.c,42510699,1,fuzz_pkcs15init,0,A,CWE-125,True,True,True,True,pending,False
opensc:expected:004,opensc,catalog_associated,heap-buffer-overflow|WRITE|cosm_new_file|pkcs15-epass2003.c,42509978,1,fuzz_pkcs15init,0,A,CWE-787,True,True,True,True,pending,False
opensc:expected:005,opensc,catalog_associated,heap-buffer-overflow|WRITE|do_fileid|profile.c,42509342,1,fuzz_pkcs15init,0,A,CWE-787,True,True,True,True,pending,False
opensc:expected:006,opensc,catalog_associated,heap-buffer-overflow|WRITE|myeid_create_key|pkcs15-myeid.c,42511938,1,fuzz_pkcs15init,0,A,CWE-787,True,True,True,True,pending,False
opensc:expected:007,opensc,catalog_associated,stack-buffer-overflow|READ|authentic_get_tagged_data|card-authentic.c,42518345,1,fuzz_pkcs15_encode,2,A,CWE-125,True,True,True,True,pending,False
opensc:expected:008,opensc,catalog_associated,stack-buffer-overflow|READ|authentic_parse_size|card-authentic.c,42517374,1,fuzz_pkcs15_encode,2,A,CWE-125,True,True,True,True,pending,False
opensc:expected:009,opensc,catalog_associated,stack-buffer-overflow|READ|cardos_list_files|card-cardos.c,42511654,1,fuzz_card,1,A,CWE-125,True,True,True,True,pending,False
opensc:expected:010,opensc,catalog_associated,stack-buffer-overflow|READ|iasecc_crt_parse|iasecc-sdo.c,42527518,1,fuzz_pkcs15init,0,A,CWE-125,True,True,True,True,pending,False
opensc:expected:011,opensc,catalog_associated,stack-buffer-overflow|READ|sc_format_oid|sc.c,42509373,1,fuzz_pkcs15init,0,A,CWE-125,True,True,True,True,pending,False
opensc:expected:012,opensc,catalog_associated,stack-buffer-overflow|READ|sc_hsm_list_files|card-sc-hsm.c,42510727,1,fuzz_card,1,A,CWE-125,True,True,True,True,pending,False
opensc:expected:013,opensc,catalog_associated,stack-buffer-overflow|READ|sc_path_print|sc.c,42518213,1,fuzz_pkcs15init,0,A,CWE-125,True,True,True,True,pending,False
opensc:expected:014,opensc,catalog_associated,stack-buffer-overflow|WRITE|msc_zero_object|muscle.c,42518451,1,fuzz_pkcs15init,0,A,CWE-787,True,True,True,True,pending,False
opensc:expected:015,opensc,catalog_associated,stack-buffer-overflow|WRITE|sc_pkcs15init_rmdir|pkcs15-lib.c,42518779,1,fuzz_pkcs15init,0,A,CWE-787,True,True,True,True,pending,False
libdwarf:expected:001,libdwarf,catalog_associated,heap-buffer-overflow|READ|_dwarf_create_cie_from_after_start|dwarf_frame2.c,42525052,1,fuzz_set_frame_all,5,A,CWE-125,True,True,True,True,pending,False
libdwarf:expected:002,libdwarf,catalog_associated,heap-buffer-overflow|READ|_dwarf_decode_line_udata_form|dwarf_line.c,42533844,1,fuzz_srcfiles,4,A,CWE-125,True,True,True,True,pending,False
libdwarf:expected:003,libdwarf,catalog_associated,heap-buffer-overflow|READ|_dwarf_make_CU_Context|dwarf_die_deliv.c,42522074,1,fuzz_macro_dwarf5,3,A,CWE-125,True,True,True,True,pending,False
libdwarf:expected:004,libdwarf,catalog_associated,heap-buffer-overflow|READ|_dwarf_memcpy_noswap_bytes|dwarf_memcpy_swap.c,42521589,1,fuzz_globals,2,A,CWE-125,True,True,True,True,pending,False
libdwarf:expected:005,libdwarf,catalog_associated,heap-buffer-overflow|READ|_dwarf_read_line_table_header|dwarf_line_table_reader_common.h,42524514,1,fuzz_macro_dwarf5,3,A,CWE-125,True,True,True,True,pending,False
libdwarf:expected:006,libdwarf,catalog_associated,heap-buffer-overflow|READ|_dwarf_read_loc_expr_op|dwarf_locationop_read.c,42525082,1,fuzz_die_cu_attrs_loclist,6,A,CWE-125,True,True,True,True,pending,False
libdwarf:expected:007,libdwarf,catalog_associated,heap-buffer-overflow|READ|dwarf_decode_leb128|dwarf_leb.c,385742125,1,fuzz_die_cu_print,9,A,CWE-125,True,True,True,True,pending,False
libdwarf:expected:008,libdwarf,catalog_associated,heap-buffer-overflow|READ|dwarf_global_formref_b|dwarf_form.c,42532906,1,fuzz_findfuncbypc,8,A,CWE-125,True,True,True,True,pending,False
libdwarf:expected:009,libdwarf,catalog_associated,heap-buffer-overflow|READ|operandmismatch|dwarf_line_table_reader_common.h,42522777,1,fuzz_srcfiles,4,A,CWE-125,True,True,True,True,pending,False
libdwarf:expected:010,libdwarf,catalog_associated,heap-buffer-overflow|READ|read_encoded_addr|dwarf_locationop_read.c,42525273,1,fuzz_die_cu_attrs_loclist,6,A,CWE-125,True,True,True,True,pending,False
libdwarf:expected:011,libdwarf,catalog_associated,heap-buffer-overflow|READ|read_line_table_program|dwarf_line_table_reader_common.h,42526087,1,fuzz_srcfiles,4,A,CWE-125,True,True,True,True,pending,False
libdwarf:expected:012,libdwarf,catalog_associated,heap-use-after-free|READ|dwarf_dealloc|dwarf_alloc.c,42528352,1,fuzz_stack_frame_access,7,B,CWE-416,True,True,True,True,pending,False
libdwarf:expected:013,libdwarf,catalog_associated,stack-buffer-overflow|READ|dwarf_dietype_offset|dwarf_query.c,42521581,1,fuzz_die_cu_attrs,0,A,CWE-125,True,True,True,True,pending,False
libdwarf:expected:014,libdwarf,catalog_associated,stack-buffer-overflow|READ|dwarf_get_version_of_die|dwarf_query.c,42521585,1,fuzz_die_cu_offset,1,A,CWE-125,True,True,True,True,pending,False
openh264:expected:001,openh264,catalog_associated,heap-buffer-overflow|READ|DeblockChromaLt42_c|deblocking_common.cpp,42487835,1,decoder_fuzzer,0,A,CWE-125,True,True,True,True,pending,False
openh264:expected:002,openh264,catalog_associated,heap-buffer-overflow|READ|McChromaWithFragMv_c|mc.cpp,42487979,1,decoder_fuzzer,0,A,CWE-125,True,True,True,True,pending,False
openh264:expected:003,openh264,catalog_associated,heap-buffer-overflow|READ|WelsDec::DoErrorConSliceCopy|error_concealment.cpp,42487684,1,decoder_fuzzer,0,A,CWE-125,True,True,True,True,pending,False
openh264:expected:004,openh264,catalog_associated,heap-buffer-overflow|READ|WelsDec::NeedErrorCon|error_concealment.cpp,42487672,1,decoder_fuzzer,0,A,CWE-125,True,True,True,True,pending,False
openh264:expected:005,openh264,catalog_associated,heap-buffer-overflow|WRITE|WelsDec::DoErrorConSliceCopy|error_concealment.cpp,42488076,1,decoder_fuzzer,0,A,CWE-787,True,True,True,True,pending,False
openh264:expected:006,openh264,catalog_associated,heap-buffer-overflow|WRITE|WelsDec::ParseIntra4x4Mode|decode_slice.cpp,42488563,1,decoder_fuzzer,0,A,CWE-787,True,True,True,True,pending,False
openh264:expected:007,openh264,catalog_associated,heap-buffer-overflow|WRITE|WelsDec::Update8x8RefIdx|mv_pred.cpp,42488124,1,decoder_fuzzer,0,A,CWE-787,True,True,True,True,pending,False
openh264:expected:008,openh264,catalog_associated,heap-buffer-overflow|WRITE|WelsDec::UpdateP16x16MotionInfo|mv_pred.cpp,42487716,1,decoder_fuzzer,0,A,CWE-787,True,True,True,True,pending,False
openh264:expected:009,openh264,catalog_associated,heap-buffer-overflow|WRITE|WelsDec::UpdateP16x16RefIdx|mv_pred.cpp,42487846,1,decoder_fuzzer,0,A,CWE-787,True,True,True,True,pending,False
openh264:expected:010,openh264,catalog_associated,heap-buffer-overflow|WRITE|WelsDec::WelsCheckAndRecoverForFutureDecoding|manage_dec_ref.cpp,42488005,1,decoder_fuzzer,0,A,CWE-787,True,True,True,True,pending,False
openh264:expected:011,openh264,catalog_associated,heap-buffer-overflow|WRITE|WelsDec::WelsDecodeMbCabacISliceBaseMode0|decode_slice.cpp,42488097,1,decoder_fuzzer,0,A,CWE-787,True,True,True,True,pending,False
openh264:expected:012,openh264,catalog_associated,heap-buffer-overflow|WRITE|WelsDec::WelsDecodeMbCabacPSlice|decode_slice.cpp,42487729,1,decoder_fuzzer,0,A,CWE-787,True,True,True,True,pending,False
openh264:extra:001,openh264,extra_report,heap-buffer-overflow|WRITE|WelsDec::UpdateP16x16DirectCabac|parse_mb_syn_cabac.cpp,42491572,1,decoder_fuzzer,0,A,CWE-125,True,True,True,True,pending,False
openh264:extra:002,openh264,extra_report,heap-use-after-free|READ|WelsDec::DecodeCurrentAccessUnit|decoder_core.cpp,42493060,1,decoder_fuzzer,0,B,CWE-416,True,True,True,True,pending,False
selinux:expected:001,selinux,catalog_associated,heap-buffer-overflow|READ|__cil_verify_classperms|cil_verify.c,42523397,1,secilc-fuzzer,0,A,CWE-125,True,True,True,True,pending,False
selinux:expected:002,selinux,catalog_associated,heap-buffer-overflow|READ|cil_post_fc_fill_data|cil_post.c,42490519,1,secilc-fuzzer,0,A,CWE-125,True,True,True,True,pending,False
selinux:expected:003,selinux,catalog_associated,heap-buffer-overflow|READ|cil_print_recursive_blockinherit|cil_resolve_ast.c,42490495,1,secilc-fuzzer,0,A,CWE-125,True,True,True,True,pending,False
selinux:expected:004,selinux,catalog_associated,heap-buffer-overflow|READ|ebitmap_match_any|ebitmap.c,42494529,1,secilc-fuzzer,0,A,CWE-125,True,True,True,True,pending,False
selinux:expected:005,selinux,catalog_associated,heap-buffer-overflow|WRITE|cil_classorder_to_policydb|cil_binary.c,42491594,1,secilc-fuzzer,0,A,CWE-787,True,True,True,True,pending,False
selinux:expected:006,selinux,catalog_associated,heap-use-after-free|READ|__cil_ordered_item_insert|cil_resolve_ast.c,42490491,1,secilc-fuzzer,0,B,CWE-416,True,True,True,True,pending,False
selinux:expected:007,selinux,catalog_associated,heap-use-after-free|READ|__class_reset_perm_values|cil_reset_ast.c,42490500,1,secilc-fuzzer,0,B,CWE-416,True,True,True,True,pending,False
selinux:expected:008,selinux,catalog_associated,heap-use-after-free|READ|cil_list_destroy|cil_list.c,42526269,1,secilc-fuzzer,0,B,CWE-416,True,True,True,True,pending,False
selinux:expected:009,selinux,catalog_associated,heap-use-after-free|READ|cil_resolve_name|cil_resolve_ast.c,42490504,1,secilc-fuzzer,0,B,CWE-416,True,True,True,True,pending,False
selinux:expected:010,selinux,catalog_associated,heap-use-after-free|READ|cil_symtab_get_datum|cil_symtab.c,42491096,1,secilc-fuzzer,0,B,CWE-416,True,True,True,True,pending,False
selinux:expected:011,selinux,catalog_associated,heap-use-after-free|READ|cil_tree_log|cil_tree.c,42490512,1,secilc-fuzzer,0,B,CWE-416,True,True,True,True,pending,False
selinux:expected:012,selinux,catalog_associated,stack-use-after-return|READ|cil_copy_expr|cil_copy_ast.c,42490708,1,secilc-fuzzer,0,B,CWE-562,True,True,True,True,pending,False
selinux:expected:013,selinux,catalog_associated,stack-use-after-return|READ|cil_list_destroy|cil_list.c,42490552,1,secilc-fuzzer,0,B,CWE-562,True,True,True,True,pending,False
upx:expected:001,upx,catalog_associated,SEGV|READ|N_BELE_RTP::LEPolicy::get64|bele_policy.h,42531927,1,test_packed_file_fuzzer,0,,CWE-416,True,True,True,True,pending,False
upx:expected:002,upx,catalog_associated,heap-buffer-overflow|READ|N_BELE_RTP::BEPolicy::get32|bele_policy.h,42531645,1,list_packed_file_fuzzer,1,A,CWE-125,True,True,True,True,pending,False
upx:expected:003,upx,catalog_associated,heap-buffer-overflow|READ|N_BELE_RTP::BEPolicy::get64|bele_policy.h,42531672,1,decompress_packed_file_fuzzer,2,A,CWE-125,True,True,True,True,pending,False
upx:expected:004,upx,catalog_associated,heap-buffer-overflow|READ|N_BELE_RTP::LEPolicy::get32|bele_policy.h,42531653,1,test_packed_file_fuzzer,0,A,CWE-125,True,True,True,True,pending,False
upx:expected:005,upx,catalog_associated,heap-buffer-overflow|READ|PackLinuxElf32::unpack|p_lx_elf.cpp,397728078,1,decompress_packed_file_fuzzer,2,A,CWE-125,True,True,True,True,pending,False
upx:expected:006,upx,catalog_associated,heap-buffer-overflow|READ|PackLinuxElf64::elf_lookup|p_lx_elf.cpp,42532260,1,list_packed_file_fuzzer,1,A,CWE-125,True,True,True,True,pending,False
upx:expected:007,upx,catalog_associated,heap-buffer-overflow|READ|PackMachBase::canUnpack|p_mach.cpp,42531669 383194079,2,list_packed_file_fuzzer test_packed_file_fuzzer,0 1,A,CWE-125,True,True,True,True,pending,False
upx:expected:008,upx,catalog_associated,heap-buffer-overflow|READ|ucl_nrv2e_decompress_safe_8|n2e_d.c,383170478,1,test_packed_file_fuzzer,0,A,CWE-125,True,True,True,True,pending,False
upx:expected:009,upx,catalog_associated,heap-buffer-overflow|READ|upx_safe_strlen|snprintf.cpp,42531800,1,test_packed_file_fuzzer,0,A,CWE-125,True,True,True,True,pending,False
upx:expected:010,upx,catalog_associated,unknown-crash|READ|PackLinuxElf32::unpack|p_lx_elf.cpp,42532364,1,test_packed_file_fuzzer,0,,CWE-125,True,True,True,True,pending,False
upx:expected:011,upx,catalog_associated,unknown-crash|READ|PackLinuxElf64::unpack|p_lx_elf.cpp,42531668,1,test_packed_file_fuzzer,0,,CWE-125,True,True,True,True,pending,False
upx:expected:012,upx,catalog_associated,unknown-crash|READ|ucl_nrv2b_decompress_safe_le32|n2b_d.c,42531654,1,test_packed_file_fuzzer,0,,CWE-125,True,True,True,True,pending,False
upx:expected:013,upx,catalog_associated,unknown-crash|READ|ucl_nrv2e_decompress_safe_le32|n2e_d.c,42532037,1,test_packed_file_fuzzer,0,,CWE-125,True,True,True,True,pending,False
fluent-bit:expected:001,fluent-bit,catalog_associated,attempting|-|flb_free|flb_mem.h,42488899,1,flb-it-fuzz-config_map_fuzzer_OSSFUZZ,4,C,CWE-415,True,True,True,True,pending,False
fluent-bit:expected:002,fluent-bit,catalog_associated,heap-buffer-overflow|READ|_conv_num|flb_strptime.c,42488123,1,flb-it-fuzz-parser_fuzzer_OSSFUZZ,0,A,CWE-125,True,True,True,True,pending,False
fluent-bit:expected:003,fluent-bit,catalog_associated,heap-buffer-overflow|READ|_flb_strptime|flb_strptime.c,42489139,1,flb-it-fuzz-strp_fuzzer_OSSFUZZ,5,A,CWE-125,True,True,True,True,pending,False
fluent-bit:expected:004,fluent-bit,catalog_associated,heap-buffer-overflow|READ|flb_hash_get_by_id|flb_hash.c,42499668,1,flb-it-fuzz-utils_fuzzer_OSSFUZZ,3,A,CWE-125,True,True,True,True,pending,False
fluent-bit:expected:005,fluent-bit,catalog_associated,heap-buffer-overflow|READ|flb_log_print|flb_log.c,42488121,1,flb-it-fuzz-parser_fuzzer_OSSFUZZ,0,A,CWE-125,True,True,True,True,pending,False
fluent-bit:expected:006,fluent-bit,catalog_associated,heap-buffer-overflow|READ|flb_parser_json_do|flb_parser_json.c,42489424,1,flb-it-fuzz-parser_fuzzer_OSSFUZZ,0,A,CWE-125,True,True,True,True,pending,False
fluent-bit:expected:007,fluent-bit,catalog_associated,heap-buffer-overflow|READ|flb_sds_cat_utf8|flb_sds.c,42490229,1,flb-it-fuzz-msgpack_to_gelf_fuzzer_OSSFUZZ,1,A,CWE-125,True,True,True,True,pending,False
fluent-bit:expected:008,fluent-bit,catalog_associated,heap-buffer-overflow|READ|flb_utils_time_to_seconds|flb_utils.c,42488418,1,flb-it-fuzz-utils_fuzzer_OSSFUZZ,3,A,CWE-125,True,True,True,True,pending,False
fluent-bit:expected:009,fluent-bit,catalog_associated,heap-buffer-overflow|WRITE|encoded_to_buf|flb_utils.c,42488098,1,flb-it-fuzz-msgpack_parse_fuzzer_OSSFUZZ,2,A,CWE-787,True,True,True,True,pending,False
fluent-bit:expected:010,fluent-bit,catalog_associated,heap-buffer-overflow|WRITE|flb_msgpack_to_json|flb_pack.c,42488035,1,flb-it-fuzz-msgpack_parse_fuzzer_OSSFUZZ,2,A,CWE-787,True,True,True,True,pending,False
fluent-bit:expected:011,fluent-bit,catalog_associated,heap-use-after-free|READ|flb_parser_decoder_list_destroy|flb_parser_decoder.c,42488143,1,flb-it-fuzz-parser_fuzzer_OSSFUZZ,0,B,CWE-416,True,True,True,True,pending,False
fluent-bit:expected:012,fluent-bit,catalog_associated,stack-buffer-overflow|READ|flb_sds_cat|flb_sds.c,42488023,1,flb-it-fuzz-msgpack_to_gelf_fuzzer_OSSFUZZ,1,A,CWE-125,True,True,True,True,pending,False
hdf5:expected:001,hdf5,catalog_associated,heap-buffer-overflow|READ|H5FS__sect_link_size|H5FSsection.c,42521342,1,h5_extended_fuzzer,1,A,CWE-125,True,True,True,False,pending,False
hdf5:expected:002,hdf5,catalog_associated,heap-buffer-overflow|READ|H5F__accum_free|H5Faccum.c,42527895,1,h5_extended_fuzzer,1,A,CWE-125,True,True,True,False,pending,False
hdf5:expected:003,hdf5,catalog_associated,heap-buffer-overflow|READ|H5F_get_checksums|H5Fio.c,42521522,1,h5_read_fuzzer,0,A,CWE-125,True,True,True,False,pending,False
hdf5:expected:004,hdf5,catalog_associated,heap-buffer-overflow|READ|H5G__node_cmp3|H5Gnode.c,42522531,1,h5_extended_fuzzer,1,A,CWE-125,True,True,True,False,pending,False
hdf5:expected:005,hdf5,catalog_associated,heap-buffer-overflow|READ|H5MM_memcpy|H5MM.c,42523860,1,h5_extended_fuzzer,1,A,CWE-125,True,True,True,False,pending,False
hdf5:expected:006,hdf5,catalog_associated,heap-buffer-overflow|READ|H5MM_strndup|H5MM.c,42534125,1,h5_extended_fuzzer,1,A,CWE-125,True,True,True,False,pending,False
hdf5:expected:007,hdf5,catalog_associated,heap-buffer-overflow|READ|H5MM_xstrdup|H5MM.c,42524740,1,h5_extended_fuzzer,1,A,CWE-125,True,True,True,False,pending,False
hdf5:expected:008,hdf5,catalog_associated,heap-buffer-overflow|READ|H5O__chunk_protect|H5Ochunk.c,42527526,1,h5_extended_fuzzer,1,A,CWE-125,True,True,True,False,pending,False
hdf5:expected:009,hdf5,catalog_associated,heap-buffer-overflow|READ|H5O__prefix_deserialize|H5Ocache.c,42520218,1,h5_read_fuzzer,0,A,CWE-125,True,True,True,False,pending,False
hdf5:expected:010,hdf5,catalog_associated,heap-buffer-overflow|READ|H5O__shared_decode|H5Oshared.c,42530550,1,h5_extended_fuzzer,1,A,CWE-125,True,True,True,False,pending,False
hdf5:expected:011,hdf5,catalog_associated,heap-buffer-overflow|WRITE|H5FS__sinfo_serialize_node_cb|H5FScache.c,42525184,1,h5_extended_fuzzer,1,A,CWE-787,True,True,True,False,pending,False
hdf5:expected:012,hdf5,catalog_associated,heap-use-after-free|READ|H5FL__blk_gc_list|H5FL.c,42534222,1,h5_extended_fuzzer,1,B,CWE-416,True,True,True,False,pending,False
openvswitch:expected:001,openvswitch,catalog_associated,double-free|minimatch_destroy|match.c,42471555,1,ofctl_parse_target_preleak,4,C,CWE-415,True,True,True,True,pending,False
openvswitch:expected:002,openvswitch,catalog_associated,heap-buffer-overflow|READ|encode_LEARN|ofp-actions.c,42472574,1,ofctl_parse_target,3,A,CWE-125,True,True,True,True,pending,False
openvswitch:expected:003,openvswitch,catalog_associated,heap-buffer-overflow|READ|format_generic_odp_key|odp-util.c,42470938,1,odp_target,2,A,CWE-125,True,True,True,True,pending,False
openvswitch:expected:004,openvswitch,catalog_associated,heap-buffer-overflow|READ|learn_check|learn.c,42472056,1,ofctl_parse_target,3,A,CWE-125,True,True,True,True,pending,False
openvswitch:expected:005,openvswitch,catalog_associated,heap-buffer-overflow|READ|ofp_packet_to_string|ofp-print.c,42540967,1,ofp_print_fuzzer,1,A,CWE-125,True,True,True,True,pending,False
openvswitch:expected:006,openvswitch,catalog_associated,heap-buffer-overflow|READ|parse_icmpv6|flow.c,42540959,1,flow_extract_fuzzer,0,A,CWE-125,True,True,True,True,pending,False
openvswitch:expected:007,openvswitch,catalog_associated,heap-buffer-overflow|READ|parse_intel_port_custom_property|ofp-port.c,42541135,1,ofp_print_fuzzer,1,A,CWE-125,True,True,True,True,pending,False
openvswitch:expected:008,openvswitch,catalog_associated,heap-buffer-overflow|WRITE|ofpbuf_insert|ofpbuf.c,42471383,1,ofctl_parse_target,3,A,CWE-787,True,True,True,True,pending,False
openvswitch:expected:009,openvswitch,catalog_associated,heap-use-after-free|READ|parse_odp_action|odp-util.c,42470878,1,odp_target,2,B,CWE-416,True,True,True,True,pending,False
openvswitch:expected:010,openvswitch,catalog_associated,heap-use-after-free|WRITE|decode_NXAST_RAW_ENCAP|ofp-actions.c,42489816,1,ofp_print_target,1,B,CWE-416,True,True,True,True,pending,False
openvswitch:expected:011,openvswitch,catalog_associated,stack-buffer-overflow|READ|nullable_memcpy|util.h,42470954,1,odp_target,2,A,CWE-125,True,True,True,True,pending,False
openvswitch:expected:012,openvswitch,catalog_associated,stack-buffer-underflow|READ|lex_parse_hex_integer|lex.c,42470784,1,expr_parse_target,5,A,CWE-125,True,True,True,True,pending,False
pcl:expected:001,pcl,catalog_associated,container-overflow|WRITE|pcl::PLYReader::vertexListPropertyContentCallback<int>|ply_io.cpp,42494624,1,ply_reader_fuzzer,0,A,CWE-787,True,True,False,True,pending,False
pcl:expected:002,pcl,catalog_associated,container-overflow|WRITE|pcl::PLYReader::vertexScalarPropertyCallback<unsigned int>|ply_io.cpp,42503445,1,ply_reader_fuzzer,0,A,CWE-787,True,True,False,True,pending,False
pcl:expected:003,pcl,catalog_associated,heap-buffer-overflow|READ|pcl::PLYReader::read|ply_io.cpp,42494680,1,ply_reader_fuzzer,0,A,CWE-125,True,True,False,True,pending,False
pcl:expected:004,pcl,catalog_associated,heap-buffer-overflow|WRITE|pcl::PLYReader::vertexColorCallback|ply_io.cpp,42495779,1,ply_reader_fuzzer,0,A,CWE-787,True,True,False,True,pending,False
pcl:expected:005,pcl,catalog_associated,heap-buffer-overflow|WRITE|pcl::PLYReader::vertexListPropertyContentCallback<double>|ply_io.cpp,42496384,1,ply_reader_fuzzer,0,A,CWE-787,True,True,False,True,pending,False
pcl:expected:006,pcl,catalog_associated,heap-buffer-overflow|WRITE|pcl::PLYReader::vertexListPropertyContentCallback<int>|ply_io.cpp,42500027,1,ply_reader_fuzzer,0,A,CWE-787,True,True,False,True,pending,False
pcl:expected:007,pcl,catalog_associated,heap-buffer-overflow|WRITE|pcl::PLYReader::vertexScalarPropertyCallback<double>|ply_io.cpp,42502685,1,ply_reader_fuzzer,0,A,CWE-787,True,True,False,True,pending,False
pcl:expected:008,pcl,catalog_associated,heap-buffer-overflow|WRITE|pcl::PLYReader::vertexScalarPropertyCallback<float>|ply_io.cpp,42504591,1,ply_reader_fuzzer,0,A,CWE-787,True,True,False,True,pending,False
pcl:expected:009,pcl,catalog_associated,heap-buffer-overflow|WRITE|pcl::PLYReader::vertexScalarPropertyCallback<short>|ply_io.cpp,42500120,1,ply_reader_fuzzer,0,A,CWE-787,True,True,False,True,pending,False
pcl:expected:010,pcl,catalog_associated,heap-buffer-overflow|WRITE|pcl::PLYReader::vertexScalarPropertyCallback<signed char>|ply_io.cpp,42503375,1,ply_reader_fuzzer,0,A,CWE-787,True,True,False,True,pending,False
pcl:expected:011,pcl,catalog_associated,heap-buffer-overflow|WRITE|pcl::PLYReader::vertexScalarPropertyCallback<unsigned int>|ply_io.cpp,42496798,1,ply_reader_fuzzer,0,A,CWE-787,True,True,False,True,pending,False
pcl:expected:012,pcl,catalog_associated,heap-buffer-overflow|WRITE|pcl::PLYReader::vertexScalarPropertyCallback<unsigned short>|ply_io.cpp,42498471,1,ply_reader_fuzzer,0,A,CWE-787,True,True,False,True,pending,False
libavc:expected:001,libavc,catalog_associated,heap-buffer-overflow|READ|ih264d_compute_bs_non_mbaff|ih264d_compute_bs.c,42531113,1,svc_dec_fuzzer,0,A,CWE-125,True,True,True,True,pending,False
libavc:expected:002,libavc,catalog_associated,heap-buffer-overflow|READ|isvcd_interlyr_motion_mode_pred_dyadic|isvcd_mode_mv_resamp.c,42521138,1,svc_dec_fuzzer,0,A,CWE-125,True,True,True,True,pending,False
libavc:expected:003,libavc,catalog_associated,heap-buffer-overflow|READ|isvcd_interlyr_motion_scale|isvcd_mode_mv_resamp.c,42520983,1,svc_dec_fuzzer,0,A,CWE-125,True,True,True,True,pending,False
libavc:expected:004,libavc,catalog_associated,heap-buffer-overflow|READ|isvcd_reflayer_construction_dyadic|isvcd_intra_resamp.c,42521316,1,svc_dec_fuzzer,0,A,CWE-125,True,True,True,True,pending,False
libavc:expected:005,libavc,catalog_associated,heap-buffer-overflow|READ|isvcd_residual_luma_dyadic_sse42|isvcd_residual_resamp_sse42.c,42520942,1,svc_dec_fuzzer,0,A,CWE-125,True,True,True,True,pending,False
libavc:expected:006,libavc,catalog_associated,heap-buffer-overflow|WRITE|ih264d_fmt_conv_420sp_to_420p|ih264d_format_conv.c,42531141,1,svc_dec_fuzzer,0,A,CWE-787,True,True,True,True,pending,False
libavc:expected:007,libavc,catalog_associated,heap-buffer-overflow|WRITE|ih264d_fmt_conv_420sp_to_420sp|ih264d_format_conv.c,42530447,1,svc_dec_fuzzer,0,A,CWE-787,True,True,True,True,pending,False
libavc:expected:008,libavc,catalog_associated,heap-buffer-overflow|WRITE|isvcd_populate_res_prms|isvcd_intra_resamp.c,42520945,1,svc_dec_fuzzer,0,A,CWE-787,True,True,True,True,pending,False
libavc:expected:009,libavc,catalog_associated,heap-buffer-overflow|WRITE|isvcd_start_of_pic|isvcd_parse_slice.c,42530451,1,svc_dec_fuzzer,0,A,CWE-787,True,True,True,True,pending,False
libavc:expected:010,libavc,catalog_associated,heap-use-after-free|READ|ih264_inter_pred_luma_horz_ssse3|ih264_inter_pred_filters_ssse3.c,428771938,1,svc_dec_fuzzer,0,B,CWE-416,True,True,True,True,pending,False
libavc:extra:001,libavc,extra_report,SEGV|READ|null|isvcd_parse_epslice.c:isvcd_parse_inter_slice_data_cavlc_enh_lyr,42530559 42530568,2,svc_dec_fuzzer,0,,CWE-125,True,True,True,True,pending,False
sleuthkit:expected:001,sleuthkit,catalog_associated,heap-buffer-overflow|READ|ext2fs_inode_walk|ext2fs.c,42486529,1,sleuthkit_fls_ext_fuzzer,0,A,CWE-125,True,True,True,True,pending,False
sleuthkit:expected:002,sleuthkit,catalog_associated,heap-buffer-overflow|READ|ext4_load_attrs_extents|ext2fs.c,42489624,1,sleuthkit_fls_ext_fuzzer,0,A,CWE-125,True,True,True,True,pending,False
sleuthkit:expected:003,sleuthkit,catalog_associated,heap-buffer-overflow|READ|ext4_load_attrs_inline|ext2fs.c,42502057,1,sleuthkit_fls_ext_fuzzer,0,A,CWE-125,True,True,True,True,pending,False
sleuthkit:expected:004,sleuthkit,catalog_associated,heap-buffer-overflow|READ|hfs_cat_compare_keys|hfs.c,42489627,1,sleuthkit_fls_hfs_fuzzer,1,A,CWE-125,True,True,True,True,pending,False
sleuthkit:expected:005,sleuthkit,catalog_associated,heap-buffer-overflow|READ|hfs_cat_traverse|hfs.c,42486540,1,sleuthkit_fls_hfs_fuzzer,1,A,CWE-125,True,True,True,True,pending,False
sleuthkit:expected:006,sleuthkit,catalog_associated,heap-buffer-overflow|READ|hfs_dir_open_meta_cb|hfs_dent.c,42496725,1,sleuthkit_fls_hfs_fuzzer,1,A,CWE-125,True,True,True,True,pending,False
sleuthkit:expected:007,sleuthkit,catalog_associated,heap-buffer-overflow|READ|hfs_load_extended_attrs|hfs.c,42486531,1,sleuthkit_fls_hfs_fuzzer,1,A,CWE-125,True,True,True,True,pending,False
sleuthkit:expected:008,sleuthkit,catalog_associated,heap-buffer-overflow|READ|hfs_unicode_compare_int|hfs_unicompare.c,42489626,1,sleuthkit_fls_hfs_fuzzer,1,A,CWE-125,True,True,True,True,pending,False
sleuthkit:expected:009,sleuthkit,catalog_associated,heap-buffer-overflow|READ|ntfs_proc_attrseq|ntfs.c,42498350,1,sleuthkit_fls_ntfs_fuzzer,2,A,CWE-125,True,True,True,True,pending,False
sleuthkit:expected:010,sleuthkit,catalog_associated,negative-size-param|parse_susp|iso9660.c,42496517,1,sleuthkit_fls_iso9660_fuzzer,3,X,CWE-787,True,True,True,True,pending,False
sleuthkit:expected:011,sleuthkit,catalog_associated,stack-buffer-overflow|READ|parse_susp|iso9660.c,42486571,1,sleuthkit_fls_iso9660_fuzzer,3,A,CWE-125,True,True,True,True,pending,False
espeak-ng:expected:001,espeak-ng,catalog_associated,global-buffer-overflow|READ|DoEmbedded2|setlengths.c,42497446,1,ssml-fuzzer,0,A,CWE-125,True,True,True,True,pending,False
espeak-ng:expected:002,espeak-ng,catalog_associated,global-buffer-overflow|READ|IsLetterGroup|dictionary.c,42497197,1,ssml-fuzzer,0,A,CWE-125,True,True,True,True,pending,False
espeak-ng:expected:003,espeak-ng,catalog_associated,global-buffer-overflow|READ|SubstitutePhonemes|phonemelist.c,42497478,1,ssml-fuzzer,0,A,CWE-125,True,True,True,True,pending,False
espeak-ng:expected:004,espeak-ng,catalog_associated,heap-use-after-free|READ|LookupDict2|dictionary.c,42496979,1,ssml-fuzzer,0,B,CWE-416,True,True,True,True,pending,False
espeak-ng:expected:005,espeak-ng,catalog_associated,heap-use-after-free|READ|TranslateLetter|numbers.c,42500245,1,ssml-fuzzer,0,B,CWE-416,True,True,True,True,pending,False
espeak-ng:expected:006,espeak-ng,catalog_associated,heap-use-after-free|READ|TranslateRules|dictionary.c,42500437,1,ssml-fuzzer,0,B,CWE-416,True,True,True,True,pending,False
espeak-ng:expected:007,espeak-ng,catalog_associated,stack-buffer-overflow|READ|IsLetterGroup|dictionary.c,42504982,1,ssml-fuzzer,0,A,CWE-125,True,True,True,True,pending,False
espeak-ng:expected:008,espeak-ng,catalog_associated,stack-buffer-overflow|READ|TranslateClause|translate.c,42497018,1,ssml-fuzzer,0,A,CWE-125,True,True,True,True,pending,False
espeak-ng:expected:009,espeak-ng,catalog_associated,stack-buffer-overflow|READ|TranslateNumber_1|numbers.c,42496965,1,ssml-fuzzer,0,A,CWE-125,True,True,True,True,pending,False
espeak-ng:expected:010,espeak-ng,catalog_associated,stack-buffer-underflow|READ|CountVowelPosition|synthdata.c,42502247,1,ssml-fuzzer,0,A,CWE-125,True,True,True,True,pending,False
libxml2:expected:001,libxml2,catalog_associated,global-buffer-overflow|READ|htmlParseDocument|HTMLparser.c,42522151 42522290,2,html,0,A,CWE-125,True,True,True,True,pending,False
libxml2:expected:002,libxml2,catalog_associated,global-buffer-overflow|READ|htmlParsePI|HTMLparser.c,42522530,1,html,0,A,CWE-125,True,True,True,True,pending,False
libxml2:expected:003,libxml2,catalog_associated,global-buffer-overflow|READ|xmlDictComputeFastKey|dict.c,42522315,1,schema,2,A,CWE-125,True,True,True,True,pending,False
libxml2:expected:004,libxml2,catalog_associated,global-buffer-overflow|READ|xmlNextChar|parserInternals.c,42522273,1,html,0,A,CWE-125,True,True,True,True,pending,False
libxml2:expected:005,libxml2,catalog_associated,global-buffer-overflow|READ|xmlParseContentInternal|parser.c,42522285,1,schema,2,A,CWE-125,True,True,True,True,pending,False
libxml2:expected:006,libxml2,catalog_associated,global-buffer-overflow|READ|xmlParseQName|parser.c,42522277 42522360,2,xinclude,1,A,CWE-125,True,True,True,True,pending,False
libxml2:expected:007,libxml2,catalog_associated,global-buffer-overflow|READ|xmlSkipBlankChars|parser.c,42522281,1,xinclude,1,A,CWE-125,True,True,True,True,pending,False
libraw:expected:001,libraw,catalog_associated,SEGV|READ|libraw_sget4_static|read_utils.cpp,42534178,1,libraw_nef_fuzzer,0,,CWE-125,True,True,True,True,pending,False
libraw:expected:002,libraw,catalog_associated,global-buffer-overflow|READ|libraw_tagtype_dataunit_bytes|wblists.cpp,42531108,1,libraw_fuzzer,0,A,CWE-125,True,True,True,True,pending,False
libraw:expected:003,libraw,catalog_associated,heap-buffer-overflow|READ|LibRaw::kodak_c330_load_raw|kodak_decoders.cpp,42493517,1,libraw_fuzzer,0,A,CWE-125,True,True,True,True,pending,False
libraw:expected:004,libraw,catalog_associated,heap-buffer-overflow|READ|LibRaw::phase_one_correct|load_mfbacks.cpp,399138502,1,libraw_nef_fuzzer,0,,CWE-416,True,True,True,True,pending,False
libraw:expected:005,libraw,catalog_associated,heap-buffer-overflow|READ|LibRaw::xtrans_interpolate|xtrans_demosaic.cpp,42535042,1,libraw_raf_fuzzer,0,A,CWE-125,True,True,True,True,pending,False
libraw:expected:006,libraw,catalog_associated,heap-buffer-overflow|WRITE|LibRaw_buffer_datastream::read|libraw_datastream.cpp,42492565,1,libraw_cr2_fuzzer,0,A,CWE-787,True,True,True,True,pending,False
libraw:expected:007,libraw,catalog_associated,stack-buffer-overflow|WRITE|LibRaw::parseCR3|cr3_parser.cpp,42505653,1,libraw_fuzzer,0,A,CWE-787,True,True,True,True,pending,False
libraw:expected:008,libraw,catalog_associated,stack-buffer-overflow|WRITE|LibRaw::xtrans_interpolate|xtrans_demosaic.cpp,42526333,1,libraw_fuzzer,0,A,CWE-787,True,True,True,True,pending,False
librawspeed:expected:001,librawspeed,catalog_associated,heap-buffer-overflow|READ|rawspeed::DngOpcodes::applyOpCodes|DngOpcodes.cpp,42508774,1,TiffParserFuzzer-GetDecoder-Decode,5,A,CWE-125,True,True,True,True,pending,False
librawspeed:expected:002,librawspeed,catalog_associated,heap-buffer-overflow|READ|rawspeed::RawImageData::transferBadPixelsToMap|RawImage.cpp,42497170,1,TiffDecoderFuzzer-DngDecoder,1,A,CWE-125,True,True,True,True,pending,False
librawspeed:expected:003,librawspeed,catalog_associated,heap-buffer-overflow|WRITE|rawspeed::TableLookUp::setTable|TableLookUp.cpp,42517260,1,RawParserFuzzer-GetDecoder-Decode,4,A,CWE-787,True,True,True,True,pending,False
librawspeed:expected:004,librawspeed,catalog_associated,"segv|-|void rawspeed::DngOpcodes::PixelOpcode::applyOP<unsigned short, rawspeed::DngOpcodes::OffsetPerRowOrCol<>::apply|DngOpcodes.cpp",42507708,1,RawParserFuzzer-GetDecoder-Decode,4,,CWE-125,True,True,True,True,pending,False
librawspeed:expected:005,librawspeed,catalog_associated,use-after-poison|READ|rawspeed::SamsungV2Decompressor::decompress|SamsungV2Decompressor.cpp,42495148,1,TiffDecoderFuzzer-SrwDecoder,0,B,CWE-416,True,True,True,True,pending,False
librawspeed:expected:006,librawspeed,catalog_associated,use-after-poison|READ|void rawspeed::LJpegDecompressor::decodeN<>|LJpegDecompressor.cpp,42497815,1,FiffParserFuzzer-GetDecoder-Decode,3,B,CWE-416,True,True,True,True,pending,False
librawspeed:expected:007,librawspeed,catalog_associated,use-after-poison|READ|void rawspeed::SamsungV2Decompressor::decompressRow<>|SamsungV2Decompressor.cpp,42497736,1,TiffDecoderFuzzer-SrwDecoder,0,B,CWE-416,True,True,True,True,pending,False
librawspeed:expected:008,librawspeed,catalog_associated,use-after-poison|WRITE|rawspeed::NefDecoder::decodeRawInternal|NefDecoder.cpp,42497326,1,TiffDecoderFuzzer-NefDecoder,2,B,CWE-416,True,True,True,True,pending,False
