project,verdict,observation_rows,benchmark_seat
PcapPlusPlus,clean,2,in_set
PcapPlusPlus,expected_asan,18,in_set
arrow,clean,15,archived
arrow,expected_asan,6,archived
arrow,expected_crash,1,archived
arrow,known_real,2,archived
arrow,unmatched_abort,3,archived
assimp,clean,9,in_set
assimp,collides_with_expected,2,in_set
assimp,expected_asan,26,in_set
assimp,unmatched,3,in_set
binutils-gdb,clean,55,not_selected
binutils-gdb,collides_with_expected,3,not_selected
binutils-gdb,expected_asan,10,not_selected
binutils-gdb,no_asan,7,not_selected
binutils-gdb,site_absent,1,not_selected
binutils-gdb,unmatched,2,not_selected
c-blosc2,clean,34,not_selected
c-blosc2,expected_asan,2,not_selected
c-blosc2,unmatched_crash,1,not_selected
espeak-ng,clean,2,in_set
espeak-ng,expected_asan,10,in_set
fluent-bit,clean,19,in_set
fluent-bit,collides_with_expected,3,in_set
fluent-bit,expected_asan,12,in_set
ghostpdl,clean,34,in_set
ghostpdl,collides_with_expected,21,in_set
ghostpdl,expected_asan,34,in_set
ghostpdl,known_real,1,in_set
gpac,clean,20,in_set
gpac,expected_asan,29,in_set
harfbuzz,clean,49,not_selected
harfbuzz,collides_with_expected,2,not_selected
harfbuzz,expected_asan,3,not_selected
hdf5,clean,2,in_set
hdf5,expected_asan,12,in_set
hunspell,clean,7,not_selected
hunspell,collides_with_expected,1,not_selected
hunspell,expected_asan,6,not_selected
hunspell,known_real,2,not_selected
lcms,clean,6,not_selected
lcms,expected_asan,7,not_selected
libavc,clean,18,in_set
libavc,expected_asan,10,in_set
libavc,known_real,2,in_set
libdwarf,clean,9,in_set
libdwarf,collides_with_expected,1,in_set
libdwarf,expected_asan,14,in_set
libdwarf,missing_poc,1,in_set
libjxl,clean,17,not_selected
libjxl,expected_asan,2,not_selected
libraw,clean,8,in_set
libraw,expected_asan,7,in_set
libraw,expected_crash,1,in_set
librawspeed,clean,12,in_set
librawspeed,collides_with_expected,1,in_set
librawspeed,expected_asan,7,in_set
librawspeed,expected_crash,1,in_set
libredwg,clean,28,not_selected
libredwg,clean_with_leak,6,not_selected
libredwg,expected_asan,3,not_selected
libredwg,unmatched_crash,2,not_selected
libxml2,clean,45,in_set
libxml2,expected_asan,9,in_set
lwan,clean,3,archived
lwan,clean_with_leak,1,archived
lwan,expected_asan,8,archived
mruby,clean,25,not_selected
mruby,expected_asan,3,not_selected
mruby,oom,1,not_selected
mupdf,clean,1,not_selected
mupdf,clean_with_leak,16,not_selected
mupdf,expected_asan,3,not_selected
ndpi,clean,21,in_set
ndpi,collides_with_expected,1,in_set
ndpi,expected_asan,15,in_set
open62541,clean,25,not_selected
open62541,expected_asan,2,not_selected
openh264,clean,8,in_set
openh264,collides_with_expected,1,in_set
openh264,expected_asan,12,in_set
openh264,known_real,2,in_set
openh264,unmatched_crash,1,in_set
opensc,clean,60,in_set
opensc,expected_asan,15,in_set
opensc,unmatched,1,in_set
openthread,clean,17,not_selected
openthread,expected_asan,4,not_selected
openvswitch,clean,1,in_set
openvswitch,expected_asan,12,in_set
pcl,clean,1,in_set
pcl,expected_asan,12,in_set
pcre2,clean,12,not_selected
pcre2,expected_asan,4,not_selected
php-src,clean,20,not_selected
php-src,expected_asan,6,not_selected
php-src,unmatched,1,not_selected
radare2,clean_with_leak,22,not_selected
radare2,expected_asan,3,not_selected
selinux,clean,6,in_set
selinux,collides_with_expected,1,in_set
selinux,expected_asan,13,in_set
serenity,clean,26,not_selected
serenity,collides_with_expected,3,not_selected
serenity,expected_asan,4,not_selected
serenity,timeout,1,not_selected
serenity,unmatched_crash,1,not_selected
sleuthkit,catalog_earlier_abort,1,in_set
sleuthkit,clean,5,in_set
sleuthkit,expected_asan,11,in_set
upx,clean,2,in_set
upx,expected_asan,13,in_set
upx,expected_crash,1,in_set
